record_id,date,month,user_category,department,campus_location,bag_type,bags_used,estimated_weight_grams,purpose,reusable_bag_used,plastic_avoidable,awareness_level,campaign_exposure,reduction_action,disposal_method,survey_rating,notes
REC-VSIT-0224,2024-10-01,2024-10,Teaching Staff,Teaching Staff,Entrance / Exit,Shopping Bag,2,25.7,Food takeaway,No,Yes,Low,No,None,Recycling Bin,3,Observed during peak lunch rush hour.
REC-VSIT-0479,2024-10-01,2024-10,Non-Teaching Staff,Administrative Staff,Administrative Area,Medium Carry Bag,1,8.4,Stationery purchase,No,Yes,Low,No,None,Dustbin,1,Plastic bag discarded in general waste bin.
REC-VSIT-0708,2024-10-01,2024-10,Students,BSc CS,Cafeteria,Thin Carry Bag,2,8.6,Stationery purchase,No,Yes,Low,No,None,Recycling Bin,2,Event setup generated bulk plastic packaging waste.
REC-VSIT-0749,2024-10-01,2024-10,Teaching Staff,Teaching Staff,Stationery Area,Thin Carry Bag,0,0,Document / book carrying,Yes,No,High,Yes,Carried cloth bag,Reused,5,Reused plastic bag brought from home.
REC-VSIT-0470,2024-10-02,2024-10,Visitors,Other,Other,Food Packaging Bag,2,10.8,Stationery purchase,No,Yes,Medium,No,None,Reused,4,Event setup generated bulk plastic packaging waste.
REC-VSIT-0158,2024-10-04,2024-10,Visitors,Other,Entrance / Exit,Other,2,14.2,Snack packaging,No,No,High,Yes,None,Reused,4,Awareness poster displayed nearby; student opted out of plastic.
REC-VSIT-0229,2024-10-04,2024-10,Non-Teaching Staff,Administrative Staff,Canteen,Medium Carry Bag,2,15.2,Vendor supply delivery,Yes,No,High,Yes,Carried cloth bag,Reused,5,Plastic bag discarded in general waste bin.
REC-VSIT-0457,2024-10-04,2024-10,Non-Teaching Staff,Administrative Staff,Administrative Area,Medium Carry Bag,1,8,Document / book carrying,No,Yes,Low,No,None,Dustbin,1,Student refused extra plastic bag and used backpack.
REC-VSIT-0631,2024-10-04,2024-10,Non-Teaching Staff,Administrative Staff,Canteen,Food Packaging Bag,1,5.8,Food takeaway,No,Yes,Medium,No,None,Dustbin,4,Plastic bag discarded in general waste bin.
REC-VSIT-0772,2024-10-04,2024-10,Visitors,Other,Administrative Area,Thin Carry Bag,2,9.9,Event material transport,No,Yes,Low,No,None,Dustbin,1,Event setup generated bulk plastic packaging waste.
REC-VSIT-0103,2024-10-05,2024-10,Vendors,Other,Campus Events,Medium Carry Bag,2,15.5,Event material transport,No,Yes,High,Yes,Refused plastic bag,Recycling Bin,4,Observed during peak lunch rush hour.
REC-VSIT-0458,2024-10-06,2024-10,Teaching Staff,Teaching Staff,Administrative Area,Large Carry Bag,1,15.8,Event material transport,Yes,No,High,Yes,Reused old plastic bag,Reused,4,Observed during peak lunch rush hour.
REC-VSIT-0695,2024-10-06,2024-10,Visitors,Other,Canteen,Medium Carry Bag,2,15.4,Beverage container,Yes,No,High,Yes,Carried cloth bag,Reused,5,Vendor supplied food in double plastic bag.
REC-VSIT-0075,2024-10-07,2024-10,Students,BSc IT,Nearby Vendor Interaction,Thin Carry Bag,0,0,Snack packaging,Yes,No,Medium,No,Carried cloth bag,Reused,4,Stationery purchase wrapped in plastic carry bag.
REC-VSIT-0212,2024-10-07,2024-10,Vendors,Other,Campus Events,Food Packaging Bag,11,56,Stationery purchase,No,Yes,High,Yes,Used paper container,Reused,4,Single snack item packed in thin polythene.
REC-VSIT-0360,2024-10-07,2024-10,Teaching Staff,Teaching Staff,Administrative Area,Medium Carry Bag,1,8.4,Food takeaway,No,Yes,Medium,Yes,Used paper container,Dustbin,4,Plastic bag discarded in general waste bin.
REC-VSIT-0823,2024-10-07,2024-10,Students,BSc IT,Library Area,Thin Carry Bag,1,4.9,Stationery purchase,Yes,No,High,Yes,Reused old plastic bag,Reused,5,Single snack item packed in thin polythene.
REC-VSIT-0315,2024-10-08,2024-10,Students,MSc IT,Stationery Area,Shopping Bag,3,34.9,Event material transport,No,No,Low,No,None,Recycling Bin,3,Stationery purchase wrapped in plastic carry bag.
REC-VSIT-0832,2024-10-08,2024-10,Visitors,Other,Cafeteria,Food Packaging Bag,3,17.4,Snack packaging,No,Yes,High,Yes,Used paper container,Dustbin,5,Awareness poster displayed nearby; student opted out of plastic.
REC-VSIT-0921,2024-10-09,2024-10,Vendors,Other,Other,Other,1,7.1,Document / book carrying,No,No,Medium,No,None,Dustbin,4,Event setup generated bulk plastic packaging waste.
REC-VSIT-0251,2024-10-10,2024-10,Vendors,Other,Library Area,Other,0,0,Personal item storage,Yes,No,High,Yes,Carried cloth bag,Reused,5,Stationery purchase wrapped in plastic carry bag.
REC-VSIT-0564,2024-10-10,2024-10,Teaching Staff,Teaching Staff,Cafeteria,Thin Carry Bag,3,14.2,Stationery purchase,No,Yes,Low,No,None,Reused,3,Plastic bag discarded in general waste bin.
REC-VSIT-0895,2024-10-10,2024-10,Students,BSc IT,Student Activity Area,Other,2,14.3,Event material transport,No,Yes,Medium,Yes,Used paper container,Littered,3,Awareness poster displayed nearby; student opted out of plastic.
REC-VSIT-0917,2024-10-10,2024-10,Teaching Staff,Teaching Staff,Library Area,Shopping Bag,0,0,Beverage container,Yes,No,High,Yes,Carried cloth bag,Reused,5,Awareness poster displayed nearby; student opted out of plastic.
REC-VSIT-0009,2024-10-11,2024-10,Vendors,Other,Campus Events,Food Packaging Bag,4,24.2,Beverage container,No,Yes,Medium,No,None,Reused,3,Vendor supplied food in double plastic bag.
REC-VSIT-0223,2024-10-11,2024-10,Students,BSc CS,Student Activity Area,Other,2,15.4,Event material transport,No,Yes,Medium,No,None,Recycling Bin,4,Event setup generated bulk plastic packaging waste.
REC-VSIT-0371,2024-10-11,2024-10,Teaching Staff,Teaching Staff,Canteen,Thin Carry Bag,3,14.6,Event material transport,No,No,High,Yes,None,Dustbin,4,Awareness poster displayed nearby; student opted out of plastic.
REC-VSIT-0434,2024-10-11,2024-10,Non-Teaching Staff,Administrative Staff,Library Area,Food Packaging Bag,0,0,Snack packaging,Yes,No,High,Yes,Reused old plastic bag,Reused,5,Staff member carried reusable canvas tote bag.
REC-VSIT-0931,2024-10-11,2024-10,Teaching Staff,Teaching Staff,Stationery Area,Medium Carry Bag,2,16.1,Food takeaway,Yes,No,Medium,No,Carried cloth bag,Reused,4,Reused plastic bag brought from home.
REC-VSIT-1006,2024-10-11,2024-10,Students,BSc CS,Campus Events,Large Carry Bag,4,58.5,Vendor supply delivery,Yes,No,High,Yes,Carried cloth bag,Reused,5,Stationery purchase wrapped in plastic carry bag.
REC-VSIT-0425,2024-10-13,2024-10,Teaching Staff,Teaching Staff,Student Activity Area,Medium Carry Bag,2,15,Food takeaway,Yes,No,Medium,No,Reused old plastic bag,Reused,3,Event setup generated bulk plastic packaging waste.
REC-VSIT-0743,2024-10-13,2024-10,Non-Teaching Staff,Administrative Staff,Entrance / Exit,Shopping Bag,1,12.6,Food takeaway,No,Yes,Low,No,None,Reused,3,Plastic bag discarded in general waste bin.
REC-VSIT-0119,2024-10-15,2024-10,Teaching Staff,Teaching Staff,Student Activity Area,Other,3,21.8,Event material transport,No,No,Medium,No,None,Recycling Bin,3,Student refused extra plastic bag and used backpack.
REC-VSIT-0452,2024-10-15,2024-10,Teaching Staff,Teaching Staff,Nearby Vendor Interaction,Thin Carry Bag,1,4.2,Food takeaway,No,No,Medium,Yes,None,Recycling Bin,4,Event setup generated bulk plastic packaging waste.
REC-VSIT-0660,2024-10-15,2024-10,Teaching Staff,Teaching Staff,Stationery Area,Shopping Bag,1,13.1,Beverage container,No,Yes,Medium,No,None,Reused,4,Reused plastic bag brought from home.
REC-VSIT-0238,2024-10-16,2024-10,Teaching Staff,Teaching Staff,Cafeteria,Thin Carry Bag,2,8.8,Beverage container,No,Yes,High,Yes,Refused plastic bag,Littered,5,Reused plastic bag brought from home.
REC-VSIT-0705,2024-10-16,2024-10,Vendors,Other,Entrance / Exit,Thin Carry Bag,0,0,Event material transport,Yes,No,High,Yes,Carried cloth bag,Reused,4,Stationery purchase wrapped in plastic carry bag.
REC-VSIT-0355,2024-10-17,2024-10,Visitors,Other,Stationery Area,Thin Carry Bag,2,9.4,Document / book carrying,No,No,Low,No,None,Littered,3,Staff member carried reusable canvas tote bag.
REC-VSIT-0364,2024-10-17,2024-10,Students,BSc CS,Nearby Vendor Interaction,Food Packaging Bag,0,0,Food takeaway,Yes,No,Medium,Yes,Carried cloth bag,Reused,4,Staff member carried reusable canvas tote bag.
REC-VSIT-0365,2024-10-17,2024-10,Visitors,Other,Other,Large Carry Bag,0,0,Snack packaging,Yes,No,High,Yes,Reused old plastic bag,Reused,5,Plastic bag discarded in general waste bin.
REC-VSIT-0588,2024-10-17,2024-10,Teaching Staff,Teaching Staff,Nearby Vendor Interaction,Food Packaging Bag,4,20.7,Snack packaging,No,Yes,High,Yes,Refused plastic bag,Recycling Bin,4,Student refused extra plastic bag and used backpack.
REC-VSIT-0758,2024-10-18,2024-10,Vendors,Other,Library Area,Thin Carry Bag,1,4.6,Beverage container,Yes,No,Medium,Yes,Reused old plastic bag,Reused,4,Vendor supplied food in double plastic bag.
REC-VSIT-0957,2024-10-18,2024-10,Students,BSc IT,Campus Events,Medium Carry Bag,6,52.8,Stationery purchase,No,Yes,Low,No,None,Littered,3,Event setup generated bulk plastic packaging waste.
REC-VSIT-0124,2024-10-19,2024-10,Vendors,Other,Student Activity Area,Medium Carry Bag,1,7.4,Food takeaway,Yes,No,High,Yes,Reused old plastic bag,Reused,5,Plastic bag discarded in general waste bin.
REC-VSIT-0498,2024-10-19,2024-10,Vendors,Other,Canteen,Medium Carry Bag,2,14.5,Event material transport,No,No,Low,No,None,Dustbin,2,Student refused extra plastic bag and used backpack.
REC-VSIT-0687,2024-10-19,2024-10,Teaching Staff,Teaching Staff,Other,Shopping Bag,0,0,Personal item storage,Yes,No,High,Yes,Carried cloth bag,Reused,4,Vendor supplied food in double plastic bag.
REC-VSIT-0876,2024-10-19,2024-10,Vendors,Other,Nearby Vendor Interaction,Thin Carry Bag,1,4.1,Stationery purchase,Yes,No,Medium,Yes,Reused old plastic bag,Reused,3,Reused plastic bag brought from home.
REC-VSIT-0887,2024-10-19,2024-10,Teaching Staff,Teaching Staff,Student Activity Area,Shopping Bag,1,12.1,Beverage container,Yes,No,High,Yes,Carried cloth bag,Reused,5,Observed during peak lunch rush hour.
REC-VSIT-1010,2024-10-19,2024-10,Non-Teaching Staff,Administrative Staff,Administrative Area,Medium Carry Bag,2,15,Beverage container,No,Yes,Medium,Yes,Refused plastic bag,Dustbin,4,Single snack item packed in thin polythene.
REC-VSIT-0006,2024-10-20,2024-10,Visitors,Other,Library Area,Large Carry Bag,1,15.7,Food takeaway,No,Yes,High,Yes,Refused plastic bag,Dustbin,5,Reused plastic bag brought from home.
REC-VSIT-0410,2024-10-20,2024-10,Vendors,Other,Stationery Area,Thin Carry Bag,3,13.9,Personal item storage,No,No,Low,No,None,Reused,1,Event setup generated bulk plastic packaging waste.
REC-VSIT-0785,2024-10-20,2024-10,Teaching Staff,Teaching Staff,Student Activity Area,Shopping Bag,2,22.6,Document / book carrying,No,Yes,Medium,No,None,Dustbin,4,Reused plastic bag brought from home.
REC-VSIT-0093,2024-10-21,2024-10,Non-Teaching Staff,Administrative Staff,Student Activity Area,Medium Carry Bag,1,8.3,Document / book carrying,No,Yes,Low,No,None,Littered,2,Stationery purchase wrapped in plastic carry bag.
REC-VSIT-1037,2024-10-21,2024-10,Non-Teaching Staff,Administrative Staff,Stationery Area,Medium Carry Bag,3,26.2,Food takeaway,No,No,Medium,No,None,Littered,3,Awareness poster displayed nearby; student opted out of plastic.
REC-VSIT-0018,2024-10-22,2024-10,Vendors,Other,Entrance / Exit,Shopping Bag,2,23.8,Food takeaway,No,Yes,Low,No,None,Reused,2,Stationery purchase wrapped in plastic carry bag.
REC-VSIT-0129,2024-10-22,2024-10,Students,BCA,Student Activity Area,Other,2,14.1,Food takeaway,Yes,No,High,Yes,Carried cloth bag,Reused,5,Observed during peak lunch rush hour.
REC-VSIT-0407,2024-10-22,2024-10,Students,MSc IT,Canteen,Food Packaging Bag,3,17,Event material transport,No,Yes,High,Yes,Refused plastic bag,Dustbin,5,Awareness poster displayed nearby; student opted out of plastic.
REC-VSIT-0813,2024-10-22,2024-10,Visitors,Other,Library Area,Other,0,0,Vendor supply delivery,Yes,No,High,Yes,Reused old plastic bag,Reused,4,Awareness poster displayed nearby; student opted out of plastic.
REC-VSIT-0322,2024-10-23,2024-10,Students,MSc IT,Stationery Area,Thin Carry Bag,1,4.5,Stationery purchase,No,No,Low,No,None,Reused,3,Plastic bag discarded in general waste bin.
REC-VSIT-0818,2024-10-23,2024-10,Teaching Staff,Teaching Staff,Stationery Area,Thin Carry Bag,1,4.1,Food takeaway,Yes,No,Medium,Yes,Reused old plastic bag,Reused,3,Event setup generated bulk plastic packaging waste.
REC-VSIT-0200,2024-10-24,2024-10,Teaching Staff,Teaching Staff,Canteen,Food Packaging Bag,2,11.5,Document / book carrying,Yes,No,High,Yes,Carried cloth bag,Reused,4,Vendor supplied food in double plastic bag.
REC-VSIT-0538,2024-10-24,2024-10,Visitors,Other,Nearby Vendor Interaction,Large Carry Bag,4,62.6,Snack packaging,No,No,Low,No,None,Recycling Bin,1,Staff member carried reusable canvas tote bag.
REC-VSIT-0636,2024-10-25,2024-10,Visitors,Other,Administrative Area,Large Carry Bag,1,15,Event material transport,No,No,Low,No,None,Dustbin,1,Staff member carried reusable canvas tote bag.
REC-VSIT-0752,2024-10-25,2024-10,Students,MSc IT,Other,Medium Carry Bag,0,0,Stationery purchase,Yes,No,Medium,No,Reused old plastic bag,Reused,4,Plastic bag discarded in general waste bin.
REC-VSIT-1044,2024-10-25,2024-10,Vendors,Other,Administrative Area,Medium Carry Bag,1,7.6,Food takeaway,No,Yes,Low,No,None,Dustbin,2,Awareness poster displayed nearby; student opted out of plastic.
REC-VSIT-0162,2024-10-26,2024-10,Students,BSc IT,Nearby Vendor Interaction,Shopping Bag,4,51.5,Vendor supply delivery,No,Yes,Low,No,None,Dustbin,3,Reused plastic bag brought from home.
REC-VSIT-1050,2024-10-26,2024-10,Vendors,Other,Campus Events,Large Carry Bag,25,343,Document / book carrying,No,Yes,Medium,Yes,Used paper container,Littered,3,Vendor supplied food in double plastic bag.
REC-VSIT-0080,2024-10-27,2024-10,Vendors,Other,Cafeteria,Medium Carry Bag,3,22.4,Beverage container,Yes,No,High,Yes,Reused old plastic bag,Reused,5,Event setup generated bulk plastic packaging waste.
REC-VSIT-0101,2024-10-27,2024-10,Vendors,Other,Stationery Area,Thin Carry Bag,1,4.3,Vendor supply delivery,No,No,Medium,Yes,None,Littered,3,Event setup generated bulk plastic packaging waste.
REC-VSIT-0106,2024-10-27,2024-10,Visitors,Other,Campus Events,Medium Carry Bag,2,15.8,Personal item storage,Yes,No,High,Yes,Carried cloth bag,Reused,4,Staff member carried reusable canvas tote bag.
REC-VSIT-0141,2024-10-27,2024-10,Visitors,Other,Canteen,Thin Carry Bag,2,8.2,Document / book carrying,No,No,Low,No,None,Dustbin,2,Vendor supplied food in double plastic bag.
REC-VSIT-0288,2024-10-27,2024-10,Visitors,Other,Administrative Area,Food Packaging Bag,2,10,Vendor supply delivery,No,Yes,Medium,No,None,Dustbin,4,Awareness poster displayed nearby; student opted out of plastic.
REC-VSIT-0572,2024-10-27,2024-10,Visitors,Other,Stationery Area,Shopping Bag,0,0,Personal item storage,Yes,No,Medium,No,Carried cloth bag,Reused,4,Staff member carried reusable canvas tote bag.
REC-VSIT-0041,2024-10-28,2024-10,Visitors,Other,Entrance / Exit,Food Packaging Bag,0,0,Stationery purchase,Yes,No,Medium,Yes,Reused old plastic bag,Reused,3,Student refused extra plastic bag and used backpack.
REC-VSIT-0083,2024-10-28,2024-10,Students,MSc IT,Entrance / Exit,Large Carry Bag,1,13.2,Stationery purchase,Yes,No,High,Yes,Reused old plastic bag,Reused,4,Stationery purchase wrapped in plastic carry bag.
REC-VSIT-0236,2024-10-28,2024-10,Students,BSc IT,Stationery Area,Thin Carry Bag,2,9.3,Document / book carrying,No,Yes,Medium,Yes,Used paper container,Reused,4,Single snack item packed in thin polythene.
REC-VSIT-0750,2024-10-28,2024-10,Students,BCA,Campus Events,Medium Carry Bag,5,37.5,Food takeaway,No,Yes,Low,No,None,Dustbin,1,Student refused extra plastic bag and used backpack.
REC-VSIT-0938,2024-10-28,2024-10,Teaching Staff,Teaching Staff,Entrance / Exit,Other,0,0,Food takeaway,Yes,No,High,Yes,Carried cloth bag,Reused,4,Stationery purchase wrapped in plastic carry bag.
REC-VSIT-1032,2024-10-28,2024-10,Non-Teaching Staff,Administrative Staff,Campus Events,Medium Carry Bag,3,23.9,Document / book carrying,Yes,No,High,Yes,Carried cloth bag,Reused,4,Plastic bag discarded in general waste bin.
REC-VSIT-0089,2024-10-29,2024-10,Visitors,Other,Nearby Vendor Interaction,Shopping Bag,2,25.6,Food takeaway,No,Yes,Low,No,None,Littered,3,Single snack item packed in thin polythene.
REC-VSIT-0190,2024-10-29,2024-10,Non-Teaching Staff,Administrative Staff,Nearby Vendor Interaction,Food Packaging Bag,0,0,Snack packaging,Yes,No,High,Yes,Reused old plastic bag,Reused,5,Staff member carried reusable canvas tote bag.
REC-VSIT-0894,2024-10-29,2024-10,Students,BCA,Nearby Vendor Interaction,Shopping Bag,2,23.2,Vendor supply delivery,No,No,Low,No,None,Recycling Bin,3,Student refused extra plastic bag and used backpack.
REC-VSIT-0059,2024-10-30,2024-10,Non-Teaching Staff,Administrative Staff,Entrance / Exit,Medium Carry Bag,1,7.3,Event material transport,Yes,No,High,Yes,Carried cloth bag,Reused,5,Plastic bag discarded in general waste bin.
REC-VSIT-0393,2024-10-30,2024-10,Visitors,Other,Administrative Area,Shopping Bag,0,0,Document / book carrying,Yes,No,Medium,Yes,Reused old plastic bag,Reused,4,Staff member carried reusable canvas tote bag.
REC-VSIT-0446,2024-10-30,2024-10,Teaching Staff,Teaching Staff,Campus Events,Large Carry Bag,3,40.6,Vendor supply delivery,No,Yes,Medium,No,None,Reused,4,Student refused extra plastic bag and used backpack.
REC-VSIT-0646,2024-10-30,2024-10,Students,BSc CS,Nearby Vendor Interaction,Large Carry Bag,0,0,Vendor supply delivery,Yes,No,Medium,No,Carried cloth bag,Reused,3,Single snack item packed in thin polythene.
REC-VSIT-0783,2024-10-30,2024-10,Visitors,Other,Campus Events,Medium Carry Bag,5,37.6,Beverage container,No,Yes,Medium,No,None,Reused,3,Event setup generated bulk plastic packaging waste.
REC-VSIT-0801,2024-10-30,2024-10,Non-Teaching Staff,Administrative Staff,Campus Events,Medium Carry Bag,5,42.7,Vendor supply delivery,No,Yes,High,Yes,Refused plastic bag,Recycling Bin,4,Event setup generated bulk plastic packaging waste.
REC-VSIT-0940,2024-10-30,2024-10,Students,BSc CS,Entrance / Exit,Other,2,13,Document / book carrying,No,Yes,Medium,No,None,Recycling Bin,3,Single snack item packed in thin polythene.
REC-VSIT-0286,2024-10-31,2024-10,Vendors,Other,Student Activity Area,Food Packaging Bag,2,10.6,Beverage container,No,Yes,Low,No,None,Dustbin,2,Awareness poster displayed nearby; student opted out of plastic.
REC-VSIT-0615,2024-10-31,2024-10,Vendors,Other,Campus Events,Food Packaging Bag,2,11.4,Stationery purchase,Yes,No,Medium,Yes,Reused old plastic bag,Reused,4,Vendor supplied food in double plastic bag.
REC-VSIT-0982,2024-10-31,2024-10,Visitors,Other,Library Area,Food Packaging Bag,1,5.7,Personal item storage,Yes,No,High,Yes,Carried cloth bag,Reused,5,Stationery purchase wrapped in plastic carry bag.
REC-VSIT-0115,2024-11-01,2024-11,Vendors,Other,Student Activity Area,Large Carry Bag,1,15.4,Beverage container,No,Yes,High,Yes,Refused plastic bag,Littered,5,Stationery purchase wrapped in plastic carry bag.
REC-VSIT-0051,2024-11-03,2024-11,Teaching Staff,Teaching Staff,Entrance / Exit,Other,0,0,Event material transport,Yes,No,High,Yes,Carried cloth bag,Reused,4,Awareness poster displayed nearby; student opted out of plastic.
REC-VSIT-0068,2024-11-04,2024-11,Visitors,Other,Campus Events,Food Packaging Bag,23,127.5,Snack packaging,Yes,No,Medium,Yes,Carried cloth bag,Reused,3,Observed during peak lunch rush hour.
REC-VSIT-0698,2024-11-04,2024-11,Students,BSc IT,Library Area,Food Packaging Bag,1,5.1,Snack packaging,No,Yes,Medium,No,None,Littered,4,Student refused extra plastic bag and used backpack.
REC-VSIT-1038,2024-11-04,2024-11,Vendors,Other,Library Area,Thin Carry Bag,1,4.1,Stationery purchase,No,Yes,Medium,Yes,Used paper container,Littered,4,Awareness poster displayed nearby; student opted out of plastic.
REC-VSIT-0108,2024-11-05,2024-11,Students,BSc IT,Other,Thin Carry Bag,2,9.6,Document / book carrying,No,Yes,Low,No,None,Recycling Bin,3,Observed during peak lunch rush hour.
REC-VSIT-0713,2024-11-05,2024-11,Vendors,Other,Campus Events,Large Carry Bag,2,31.6,Snack packaging,Yes,No,High,Yes,Carried cloth bag,Reused,4,Observed during peak lunch rush hour.
REC-VSIT-0166,2024-11-06,2024-11,Visitors,Other,Stationery Area,Medium Carry Bag,2,14.9,Beverage container,No,Yes,Low,No,None,Reused,2,Awareness poster displayed nearby; student opted out of plastic.
REC-VSIT-0475,2024-11-06,2024-11,Students,BCA,Entrance / Exit,Thin Carry Bag,2,9,Snack packaging,No,Yes,Medium,Yes,Refused plastic bag,Littered,3,Observed during peak lunch rush hour.
REC-VSIT-0627,2024-11-07,2024-11,Vendors,Other,Library Area,Shopping Bag,2,23.8,Document / book carrying,No,No,Low,No,None,Littered,1,Plastic bag discarded in general waste bin.
REC-VSIT-0453,2024-11-08,2024-11,Teaching Staff,Teaching Staff,Campus Events,Food Packaging Bag,2,11.5,Event material transport,Yes,No,Medium,Yes,Reused old plastic bag,Reused,3,Staff member carried reusable canvas tote bag.
REC-VSIT-0494,2024-11-09,2024-11,Vendors,Other,Administrative Area,Food Packaging Bag,2,11.8,Snack packaging,No,Yes,Medium,No,None,Recycling Bin,4,Vendor supplied food in double plastic bag.
REC-VSIT-0506,2024-11-09,2024-11,Vendors,Other,Student Activity Area,Other,3,20,Food takeaway,No,Yes,Low,No,None,Reused,3,Event setup generated bulk plastic packaging waste.
REC-VSIT-0701,2024-11-09,2024-11,Non-Teaching Staff,Administrative Staff,Canteen,Thin Carry Bag,1,4.2,Document / book carrying,Yes,No,High,Yes,Carried cloth bag,Reused,4,Observed during peak lunch rush hour.
REC-VSIT-0870,2024-11-09,2024-11,Non-Teaching Staff,Administrative Staff,Library Area,Large Carry Bag,0,0,Document / book carrying,Yes,No,High,Yes,Carried cloth bag,Reused,5,Single snack item packed in thin polythene.
REC-VSIT-0237,2024-11-10,2024-11,Students,BCA,Stationery Area,Shopping Bag,1,11.3,Personal item storage,Yes,No,Medium,No,Carried cloth bag,Reused,3,Reused plastic bag brought from home.
REC-VSIT-0400,2024-11-10,2024-11,Teaching Staff,Teaching Staff,Entrance / Exit,Shopping Bag,2,25,Personal item storage,No,No,High,Yes,None,Recycling Bin,4,Reused plastic bag brought from home.
REC-VSIT-1000,2024-11-10,2024-11,Visitors,Other,Nearby Vendor Interaction,Large Carry Bag,2,31.8,Vendor supply delivery,No,Yes,Low,No,None,Littered,3,Plastic bag discarded in general waste bin.
REC-VSIT-0084,2024-11-11,2024-11,Teaching Staff,Teaching Staff,Nearby Vendor Interaction,Large Carry Bag,1,15.5,Document / book carrying,Yes,No,High,Yes,Reused old plastic bag,Reused,4,Vendor supplied food in double plastic bag.
REC-VSIT-0330,2024-11-15,2024-11,Teaching Staff,Teaching Staff,Library Area,Medium Carry Bag,1,8.4,Food takeaway,No,Yes,High,Yes,Refused plastic bag,Littered,5,Reused plastic bag brought from home.
REC-VSIT-0543,2024-11-15,2024-11,Visitors,Other,Stationery Area,Shopping Bag,0,0,Beverage container,Yes,No,High,Yes,Carried cloth bag,Reused,5,Student refused extra plastic bag and used backpack.
REC-VSIT-0002,2024-11-16,2024-11,Non-Teaching Staff,Administrative Staff,Library Area,Other,1,7.2,Event material transport,No,Yes,Medium,Yes,Used paper container,Reused,4,Reused plastic bag brought from home.
REC-VSIT-0030,2024-11-16,2024-11,Visitors,Other,Student Activity Area,Shopping Bag,0,0,Document / book carrying,Yes,No,High,Yes,Reused old plastic bag,Reused,4,Awareness poster displayed nearby; student opted out of plastic.
REC-VSIT-0202,2024-11-16,2024-11,Vendors,Other,Student Activity Area,Thin Carry Bag,3,13.4,Food takeaway,No,Yes,High,Yes,Used paper container,Recycling Bin,4,Event setup generated bulk plastic packaging waste.
REC-VSIT-0447,2024-11-16,2024-11,Teaching Staff,Teaching Staff,Cafeteria,Thin Carry Bag,4,18.5,Document / book carrying,No,No,Medium,Yes,None,Recycling Bin,3,Vendor supplied food in double plastic bag.
REC-VSIT-0471,2024-11-16,2024-11,Non-Teaching Staff,Administrative Staff,Stationery Area,Thin Carry Bag,1,4.3,Snack packaging,Yes,No,High,Yes,Reused old plastic bag,Reused,5,Reused plastic bag brought from home.
REC-VSIT-0552,2024-11-16,2024-11,Students,BCA,Entrance / Exit,Thin Carry Bag,2,8.1,Food takeaway,No,Yes,Medium,No,None,Reused,4,Stationery purchase wrapped in plastic carry bag.
REC-VSIT-0795,2024-11-16,2024-11,Vendors,Other,Student Activity Area,Food Packaging Bag,1,5.3,Personal item storage,Yes,No,Medium,Yes,Reused old plastic bag,Reused,3,Staff member carried reusable canvas tote bag.
REC-VSIT-0830,2024-11-16,2024-11,Students,BSc IT,Administrative Area,Shopping Bag,2,22.6,Document / book carrying,No,Yes,Low,No,None,Recycling Bin,2,Observed during peak lunch rush hour.
REC-VSIT-0879,2024-11-16,2024-11,Vendors,Other,Campus Events,Food Packaging Bag,1,5.5,Food takeaway,Yes,No,High,Yes,Carried cloth bag,Reused,5,Observed during peak lunch rush hour.
REC-VSIT-0109,2024-11-17,2024-11,Visitors,Other,Cafeteria,Thin Carry Bag,3,13.3,Personal item storage,No,No,Medium,No,None,Dustbin,4,Event setup generated bulk plastic packaging waste.
REC-VSIT-0465,2024-11-17,2024-11,Students,BSc CS,Canteen,Thin Carry Bag,1,4.9,Beverage container,No,Yes,Medium,No,None,Dustbin,3,Student refused extra plastic bag and used backpack.
REC-VSIT-0255,2024-11-18,2024-11,Vendors,Other,Cafeteria,Thin Carry Bag,2,9.9,Event material transport,No,Yes,Medium,Yes,Refused plastic bag,Littered,3,Reused plastic bag brought from home.
REC-VSIT-0264,2024-11-18,2024-11,Students,BSc CS,Campus Events,Large Carry Bag,6,91.6,Document / book carrying,No,Yes,High,Yes,Refused plastic bag,Littered,4,Vendor supplied food in double plastic bag.
REC-VSIT-0736,2024-11-18,2024-11,Teaching Staff,Teaching Staff,Canteen,Food Packaging Bag,2,11,Vendor supply delivery,No,Yes,Low,No,None,Recycling Bin,1,Event setup generated bulk plastic packaging waste.
REC-VSIT-0745,2024-11-19,2024-11,Non-Teaching Staff,Administrative Staff,Entrance / Exit,Thin Carry Bag,1,4.2,Stationery purchase,Yes,No,High,Yes,Reused old plastic bag,Reused,5,Staff member carried reusable canvas tote bag.
REC-VSIT-0840,2024-11-19,2024-11,Students,BCA,Other,Shopping Bag,2,24.2,Snack packaging,No,Yes,Low,No,None,Littered,2,Student refused extra plastic bag and used backpack.
REC-VSIT-0128,2024-11-20,2024-11,Visitors,Other,Cafeteria,Medium Carry Bag,1,8.7,Event material transport,No,Yes,Medium,No,None,Recycling Bin,4,Awareness poster displayed nearby; student opted out of plastic.
REC-VSIT-0219,2024-11-20,2024-11,Students,BCA,Other,Shopping Bag,2,25.6,Snack packaging,No,Yes,Low,No,None,Littered,3,Vendor supplied food in double plastic bag.
REC-VSIT-0234,2024-11-20,2024-11,Non-Teaching Staff,Administrative Staff,Cafeteria,Food Packaging Bag,1,5.5,Event material transport,No,Yes,Medium,No,None,Recycling Bin,3,Awareness poster displayed nearby; student opted out of plastic.
REC-VSIT-0867,2024-11-20,2024-11,Students,BSc CS,Cafeteria,Thin Carry Bag,1,4.8,Vendor supply delivery,No,Yes,Low,No,None,Littered,1,Single snack item packed in thin polythene.
REC-VSIT-1015,2024-11-20,2024-11,Visitors,Other,Cafeteria,Medium Carry Bag,2,14.5,Food takeaway,No,Yes,High,Yes,Used paper container,Reused,4,Single snack item packed in thin polythene.
REC-VSIT-0270,2024-11-21,2024-11,Teaching Staff,Teaching Staff,Canteen,Food Packaging Bag,3,16.6,Snack packaging,No,Yes,Medium,No,None,Dustbin,4,Stationery purchase wrapped in plastic carry bag.
REC-VSIT-0514,2024-11-21,2024-11,Visitors,Other,Administrative Area,Medium Carry Bag,1,7.3,Personal item storage,No,No,Low,No,None,Dustbin,3,Single snack item packed in thin polythene.
REC-VSIT-0621,2024-11-21,2024-11,Visitors,Other,Student Activity Area,Other,0,0,Food takeaway,Yes,No,Medium,Yes,Reused old plastic bag,Reused,3,Observed during peak lunch rush hour.
REC-VSIT-0072,2024-11-22,2024-11,Vendors,Other,Stationery Area,Medium Carry Bag,1,7.7,Event material transport,Yes,No,High,Yes,Reused old plastic bag,Reused,5,Single snack item packed in thin polythene.
REC-VSIT-0193,2024-11-22,2024-11,Visitors,Other,Canteen,Medium Carry Bag,1,8,Personal item storage,No,Yes,Medium,Yes,Refused plastic bag,Recycling Bin,4,Event setup generated bulk plastic packaging waste.
REC-VSIT-0748,2024-11-22,2024-11,Students,BCA,Other,Medium Carry Bag,1,8.7,Food takeaway,No,No,Medium,No,None,Littered,4,Plastic bag discarded in general waste bin.
REC-VSIT-0789,2024-11-22,2024-11,Non-Teaching Staff,Administrative Staff,Student Activity Area,Shopping Bag,2,24.9,Personal item storage,No,Yes,Medium,Yes,Used paper container,Littered,3,Student refused extra plastic bag and used backpack.
REC-VSIT-0151,2024-11-23,2024-11,Students,BSc CS,Student Activity Area,Large Carry Bag,2,28.5,Personal item storage,Yes,No,Medium,No,Reused old plastic bag,Reused,4,Plastic bag discarded in general waste bin.
REC-VSIT-0397,2024-11-23,2024-11,Visitors,Other,Other,Thin Carry Bag,1,4.1,Beverage container,No,Yes,High,Yes,Refused plastic bag,Dustbin,5,Vendor supplied food in double plastic bag.
REC-VSIT-0406,2024-11-23,2024-11,Students,MSc IT,Campus Events,Large Carry Bag,3,45.7,Beverage container,No,No,Low,No,None,Dustbin,2,Vendor supplied food in double plastic bag.
REC-VSIT-0515,2024-11-23,2024-11,Vendors,Other,Cafeteria,Food Packaging Bag,3,18.1,Snack packaging,No,Yes,Low,No,None,Reused,1,Event setup generated bulk plastic packaging waste.
REC-VSIT-0532,2024-11-23,2024-11,Visitors,Other,Administrative Area,Other,0,0,Event material transport,Yes,No,High,Yes,Reused old plastic bag,Reused,4,Stationery purchase wrapped in plastic carry bag.
REC-VSIT-0032,2024-11-24,2024-11,Visitors,Other,Stationery Area,Medium Carry Bag,0,0,Beverage container,Yes,No,Medium,Yes,Carried cloth bag,Reused,3,Single snack item packed in thin polythene.
REC-VSIT-0476,2024-11-24,2024-11,Non-Teaching Staff,Administrative Staff,Student Activity Area,Thin Carry Bag,3,13.4,Food takeaway,No,Yes,Medium,Yes,Refused plastic bag,Littered,4,Plastic bag discarded in general waste bin.
REC-VSIT-0925,2024-11-24,2024-11,Vendors,Other,Campus Events,Food Packaging Bag,5,29.4,Event material transport,No,Yes,Low,No,None,Reused,3,Vendor supplied food in double plastic bag.
REC-VSIT-0792,2024-11-25,2024-11,Visitors,Other,Nearby Vendor Interaction,Medium Carry Bag,3,24.3,Document / book carrying,No,Yes,Medium,No,None,Recycling Bin,4,Observed during peak lunch rush hour.
REC-VSIT-0612,2024-11-26,2024-11,Non-Teaching Staff,Administrative Staff,Student Activity Area,Medium Carry Bag,1,8.5,Personal item storage,No,No,Low,No,None,Littered,1,Plastic bag discarded in general waste bin.
REC-VSIT-0747,2024-11-26,2024-11,Students,MSc IT,Entrance / Exit,Other,1,6.4,Document / book carrying,Yes,No,High,Yes,Carried cloth bag,Reused,4,Awareness poster displayed nearby; student opted out of plastic.
REC-VSIT-0903,2024-11-26,2024-11,Non-Teaching Staff,Administrative Staff,Administrative Area,Large Carry Bag,0,0,Event material transport,Yes,No,High,Yes,Carried cloth bag,Reused,4,Vendor supplied food in double plastic bag.
REC-VSIT-0244,2024-11-27,2024-11,Students,MSc IT,Entrance / Exit,Large Carry Bag,2,29,Stationery purchase,No,Yes,Low,No,None,Littered,1,Stationery purchase wrapped in plastic carry bag.
REC-VSIT-0526,2024-11-27,2024-11,Teaching Staff,Teaching Staff,Other,Large Carry Bag,1,13.1,Personal item storage,No,No,Medium,No,None,Reused,3,Plastic bag discarded in general waste bin.
REC-VSIT-0650,2024-11-27,2024-11,Visitors,Other,Administrative Area,Thin Carry Bag,2,9.2,Food takeaway,No,Yes,Medium,No,None,Dustbin,4,Reused plastic bag brought from home.
REC-VSIT-0712,2024-11-27,2024-11,Visitors,Other,Canteen,Thin Carry Bag,1,4.2,Document / book carrying,Yes,No,High,Yes,Reused old plastic bag,Reused,4,Reused plastic bag brought from home.
REC-VSIT-0024,2024-11-28,2024-11,Vendors,Other,Nearby Vendor Interaction,Thin Carry Bag,0,0,Snack packaging,Yes,No,Medium,No,Carried cloth bag,Reused,3,Reused plastic bag brought from home.
REC-VSIT-0207,2024-11-28,2024-11,Vendors,Other,Entrance / Exit,Other,0,0,Stationery purchase,Yes,No,High,Yes,Carried cloth bag,Reused,4,Plastic bag discarded in general waste bin.
REC-VSIT-0228,2024-11-28,2024-11,Vendors,Other,Library Area,Large Carry Bag,1,15.8,Vendor supply delivery,No,Yes,Low,No,None,Dustbin,3,Stationery purchase wrapped in plastic carry bag.
REC-VSIT-0562,2024-11-28,2024-11,Visitors,Other,Campus Events,Medium Carry Bag,2,17.2,Beverage container,Yes,No,Medium,No,Carried cloth bag,Reused,3,Vendor supplied food in double plastic bag.
REC-VSIT-0922,2024-11-28,2024-11,Non-Teaching Staff,Administrative Staff,Administrative Area,Thin Carry Bag,1,4.4,Food takeaway,No,Yes,Low,No,None,Dustbin,1,Reused plastic bag brought from home.
REC-VSIT-0038,2024-11-29,2024-11,Visitors,Other,Administrative Area,Shopping Bag,0,0,Event material transport,Yes,No,Medium,No,Reused old plastic bag,Reused,4,Stationery purchase wrapped in plastic carry bag.
REC-VSIT-0134,2024-11-29,2024-11,Vendors,Other,Canteen,Thin Carry Bag,1,4.7,Event material transport,Yes,No,High,Yes,Reused old plastic bag,Reused,4,Stationery purchase wrapped in plastic carry bag.
REC-VSIT-0291,2024-11-29,2024-11,Teaching Staff,Teaching Staff,Library Area,Shopping Bag,2,23.9,Snack packaging,No,No,High,Yes,None,Dustbin,5,Single snack item packed in thin polythene.
REC-VSIT-0508,2024-11-29,2024-11,Students,BSc IT,Library Area,Medium Carry Bag,0,0,Beverage container,Yes,No,Medium,No,Carried cloth bag,Reused,3,Single snack item packed in thin polythene.
REC-VSIT-0699,2024-11-29,2024-11,Non-Teaching Staff,Administrative Staff,Campus Events,Large Carry Bag,5,78,Stationery purchase,No,Yes,Low,No,None,Reused,1,Vendor supplied food in double plastic bag.
REC-VSIT-0935,2024-11-29,2024-11,Visitors,Other,Other,Other,0,0,Vendor supply delivery,Yes,No,Medium,Yes,Carried cloth bag,Reused,4,Staff member carried reusable canvas tote bag.
REC-VSIT-0172,2024-11-30,2024-11,Non-Teaching Staff,Administrative Staff,Campus Events,Food Packaging Bag,5,26,Document / book carrying,Yes,No,High,Yes,Reused old plastic bag,Reused,4,Student refused extra plastic bag and used backpack.
REC-VSIT-0433,2024-11-30,2024-11,Students,MSc IT,Canteen,Medium Carry Bag,3,22.2,Beverage container,Yes,No,Medium,Yes,Carried cloth bag,Reused,3,Awareness poster displayed nearby; student opted out of plastic.
REC-VSIT-0928,2024-11-30,2024-11,Students,BSc IT,Library Area,Other,2,14,Personal item storage,No,No,Medium,No,None,Recycling Bin,4,Observed during peak lunch rush hour.
REC-VSIT-0930,2024-11-30,2024-11,Vendors,Other,Student Activity Area,Food Packaging Bag,1,5,Personal item storage,Yes,No,High,Yes,Carried cloth bag,Reused,4,Reused plastic bag brought from home.
REC-VSIT-0074,2024-12-01,2024-12,Visitors,Other,Administrative Area,Thin Carry Bag,1,4.1,Document / book carrying,Yes,No,High,Yes,Reused old plastic bag,Reused,5,Observed during peak lunch rush hour.
REC-VSIT-0241,2024-12-01,2024-12,Vendors,Other,Student Activity Area,Thin Carry Bag,1,4.7,Food takeaway,Yes,No,Medium,Yes,Carried cloth bag,Reused,3,Student refused extra plastic bag and used backpack.
REC-VSIT-0565,2024-12-01,2024-12,Non-Teaching Staff,Administrative Staff,Stationery Area,Thin Carry Bag,2,9.1,Document / book carrying,No,Yes,Medium,Yes,Used paper container,Reused,3,Plastic bag discarded in general waste bin.
REC-VSIT-0682,2024-12-01,2024-12,Students,BCA,Cafeteria,Thin Carry Bag,2,8.8,Document / book carrying,Yes,No,High,Yes,Reused old plastic bag,Reused,5,Single snack item packed in thin polythene.
REC-VSIT-0719,2024-12-01,2024-12,Teaching Staff,Teaching Staff,Campus Events,Large Carry Bag,11,148.7,Snack packaging,No,Yes,Medium,Yes,Refused plastic bag,Littered,4,Student refused extra plastic bag and used backpack.
REC-VSIT-0777,2024-12-01,2024-12,Non-Teaching Staff,Administrative Staff,Stationery Area,Medium Carry Bag,0,0,Event material transport,Yes,No,Medium,No,Reused old plastic bag,Reused,4,Stationery purchase wrapped in plastic carry bag.
REC-VSIT-0828,2024-12-01,2024-12,Students,BSc IT,Entrance / Exit,Shopping Bag,0,0,Event material transport,Yes,No,Medium,Yes,Reused old plastic bag,Reused,4,Single snack item packed in thin polythene.
REC-VSIT-0898,2024-12-01,2024-12,Non-Teaching Staff,Administrative Staff,Cafeteria,Medium Carry Bag,2,15.1,Beverage container,Yes,No,High,Yes,Reused old plastic bag,Reused,4,Vendor supplied food in double plastic bag.
REC-VSIT-0392,2024-12-02,2024-12,Vendors,Other,Entrance / Exit,Medium Carry Bag,1,8.4,Document / book carrying,No,Yes,Medium,Yes,Refused plastic bag,Dustbin,4,Reused plastic bag brought from home.
REC-VSIT-0274,2024-12-03,2024-12,Teaching Staff,Teaching Staff,Other,Medium Carry Bag,2,16.6,Food takeaway,No,Yes,Medium,Yes,Refused plastic bag,Reused,4,Staff member carried reusable canvas tote bag.
REC-VSIT-0676,2024-12-03,2024-12,Teaching Staff,Teaching Staff,Library Area,Food Packaging Bag,0,0,Document / book carrying,Yes,No,High,Yes,Reused old plastic bag,Reused,4,Event setup generated bulk plastic packaging waste.
REC-VSIT-0759,2024-12-03,2024-12,Non-Teaching Staff,Administrative Staff,Stationery Area,Shopping Bag,0,0,Beverage container,Yes,No,High,Yes,Carried cloth bag,Reused,5,Observed during peak lunch rush hour.
REC-VSIT-0730,2024-12-04,2024-12,Non-Teaching Staff,Administrative Staff,Other,Medium Carry Bag,1,7.6,Event material transport,Yes,No,Medium,Yes,Carried cloth bag,Reused,4,Stationery purchase wrapped in plastic carry bag.
REC-VSIT-0858,2024-12-04,2024-12,Visitors,Other,Administrative Area,Thin Carry Bag,0,0,Event material transport,Yes,No,High,Yes,Carried cloth bag,Reused,4,Student refused extra plastic bag and used backpack.
REC-VSIT-0114,2024-12-05,2024-12,Visitors,Other,Campus Events,Food Packaging Bag,5,29.3,Event material transport,No,Yes,Low,No,None,Recycling Bin,2,Reused plastic bag brought from home.
REC-VSIT-0989,2024-12-05,2024-12,Teaching Staff,Teaching Staff,Entrance / Exit,Large Carry Bag,0,0,Snack packaging,Yes,No,High,Yes,Carried cloth bag,Reused,4,Reused plastic bag brought from home.
REC-VSIT-0649,2024-12-06,2024-12,Vendors,Other,Library Area,Shopping Bag,0,0,Stationery purchase,Yes,No,High,Yes,Reused old plastic bag,Reused,5,Awareness poster displayed nearby; student opted out of plastic.
REC-VSIT-0856,2024-12-06,2024-12,Students,BSc CS,Canteen,Food Packaging Bag,3,15,Snack packaging,No,Yes,Medium,Yes,Used paper container,Dustbin,4,Awareness poster displayed nearby; student opted out of plastic.
REC-VSIT-0003,2024-12-07,2024-12,Students,BSc CS,Canteen,Food Packaging Bag,1,5.8,Snack packaging,Yes,No,High,Yes,Reused old plastic bag,Reused,4,Observed during peak lunch rush hour.
REC-VSIT-0882,2024-12-07,2024-12,Students,MSc IT,Administrative Area,Large Carry Bag,0,0,Event material transport,Yes,No,High,Yes,Carried cloth bag,Reused,5,Vendor supplied food in double plastic bag.
REC-VSIT-0164,2024-12-08,2024-12,Visitors,Other,Library Area,Food Packaging Bag,0,0,Personal item storage,Yes,No,High,Yes,Carried cloth bag,Reused,5,Single snack item packed in thin polythene.
REC-VSIT-0466,2024-12-08,2024-12,Non-Teaching Staff,Administrative Staff,Stationery Area,Medium Carry Bag,1,7.4,Snack packaging,Yes,No,Medium,No,Reused old plastic bag,Reused,4,Student refused extra plastic bag and used backpack.
REC-VSIT-0706,2024-12-08,2024-12,Visitors,Other,Nearby Vendor Interaction,Medium Carry Bag,3,21.7,Personal item storage,No,Yes,High,Yes,Used paper container,Reused,4,Awareness poster displayed nearby; student opted out of plastic.
REC-VSIT-0906,2024-12-08,2024-12,Teaching Staff,Teaching Staff,Other,Large Carry Bag,2,26.9,Personal item storage,No,Yes,Low,No,None,Littered,2,Reused plastic bag brought from home.
REC-VSIT-0942,2024-12-08,2024-12,Students,BCA,Administrative Area,Other,0,0,Beverage container,Yes,No,Medium,No,Reused old plastic bag,Reused,4,Stationery purchase wrapped in plastic carry bag.
REC-VSIT-0111,2024-12-09,2024-12,Vendors,Other,Canteen,Food Packaging Bag,4,23,Snack packaging,No,Yes,Low,No,None,Recycling Bin,2,Staff member carried reusable canvas tote bag.
REC-VSIT-0356,2024-12-09,2024-12,Teaching Staff,Teaching Staff,Campus Events,Medium Carry Bag,4,30.2,Event material transport,No,Yes,Medium,No,None,Reused,3,Vendor supplied food in double plastic bag.
REC-VSIT-0426,2024-12-09,2024-12,Vendors,Other,Campus Events,Large Carry Bag,5,68.5,Event material transport,No,No,Medium,Yes,None,Reused,4,Event setup generated bulk plastic packaging waste.
REC-VSIT-0669,2024-12-09,2024-12,Non-Teaching Staff,Administrative Staff,Entrance / Exit,Shopping Bag,1,11.1,Personal item storage,Yes,No,High,Yes,Carried cloth bag,Reused,5,Single snack item packed in thin polythene.
REC-VSIT-0760,2024-12-09,2024-12,Students,BSc CS,Stationery Area,Shopping Bag,0,0,Food takeaway,Yes,No,High,Yes,Carried cloth bag,Reused,5,Plastic bag discarded in general waste bin.
REC-VSIT-0909,2024-12-09,2024-12,Vendors,Other,Other,Shopping Bag,2,24.8,Document / book carrying,No,Yes,Medium,No,None,Reused,4,Vendor supplied food in double plastic bag.
REC-VSIT-0020,2024-12-10,2024-12,Students,BSc CS,Other,Other,0,0,Food takeaway,Yes,No,High,Yes,Carried cloth bag,Reused,5,Reused plastic bag brought from home.
REC-VSIT-0042,2024-12-10,2024-12,Non-Teaching Staff,Administrative Staff,Student Activity Area,Large Carry Bag,3,40.9,Event material transport,No,Yes,High,Yes,Used paper container,Reused,4,Awareness poster displayed nearby; student opted out of plastic.
REC-VSIT-0449,2024-12-10,2024-12,Non-Teaching Staff,Administrative Staff,Campus Events,Food Packaging Bag,4,22.5,Snack packaging,Yes,No,Medium,Yes,Reused old plastic bag,Reused,4,Reused plastic bag brought from home.
REC-VSIT-0492,2024-12-10,2024-12,Students,MSc IT,Campus Events,Food Packaging Bag,21,117.3,Vendor supply delivery,Yes,No,Medium,No,Reused old plastic bag,Reused,3,Single snack item packed in thin polythene.
REC-VSIT-0169,2024-12-11,2024-12,Visitors,Other,Cafeteria,Thin Carry Bag,0,0,Vendor supply delivery,Yes,No,High,Yes,Carried cloth bag,Reused,4,Stationery purchase wrapped in plastic carry bag.
REC-VSIT-0379,2024-12-11,2024-12,Visitors,Other,Stationery Area,Thin Carry Bag,3,12.4,Stationery purchase,No,Yes,Medium,Yes,Refused plastic bag,Reused,4,Staff member carried reusable canvas tote bag.
REC-VSIT-0916,2024-12-12,2024-12,Teaching Staff,Teaching Staff,Nearby Vendor Interaction,Other,4,25.3,Document / book carrying,No,Yes,High,Yes,Used paper container,Reused,4,Plastic bag discarded in general waste bin.
REC-VSIT-0629,2024-12-13,2024-12,Teaching Staff,Teaching Staff,Nearby Vendor Interaction,Medium Carry Bag,1,8.3,Document / book carrying,Yes,No,High,Yes,Carried cloth bag,Reused,5,Plastic bag discarded in general waste bin.
REC-VSIT-0656,2024-12-13,2024-12,Teaching Staff,Teaching Staff,Stationery Area,Medium Carry Bag,1,8.1,Event material transport,No,Yes,Low,No,None,Reused,3,Event setup generated bulk plastic packaging waste.
REC-VSIT-0352,2024-12-14,2024-12,Non-Teaching Staff,Administrative Staff,Library Area,Large Carry Bag,1,14,Snack packaging,No,Yes,Low,No,None,Reused,1,Event setup generated bulk plastic packaging waste.
REC-VSIT-0063,2024-12-15,2024-12,Non-Teaching Staff,Administrative Staff,Administrative Area,Large Carry Bag,2,26.4,Food takeaway,No,Yes,Low,No,None,Recycling Bin,3,Single snack item packed in thin polythene.
REC-VSIT-0144,2024-12-15,2024-12,Teaching Staff,Teaching Staff,Stationery Area,Thin Carry Bag,1,4.1,Event material transport,No,No,High,Yes,None,Littered,4,Single snack item packed in thin polythene.
REC-VSIT-0232,2024-12-15,2024-12,Students,MSc IT,Nearby Vendor Interaction,Thin Carry Bag,4,19.5,Food takeaway,No,Yes,Medium,No,None,Dustbin,3,Event setup generated bulk plastic packaging waste.
REC-VSIT-0946,2024-12-15,2024-12,Vendors,Other,Cafeteria,Thin Carry Bag,1,4.7,Event material transport,Yes,No,Medium,No,Carried cloth bag,Reused,3,Student refused extra plastic bag and used backpack.
REC-VSIT-0962,2024-12-15,2024-12,Non-Teaching Staff,Administrative Staff,Library Area,Thin Carry Bag,1,4.4,Food takeaway,Yes,No,Medium,Yes,Reused old plastic bag,Reused,4,Plastic bag discarded in general waste bin.
REC-VSIT-0031,2024-12-16,2024-12,Visitors,Other,Nearby Vendor Interaction,Thin Carry Bag,4,17.6,Vendor supply delivery,No,Yes,Medium,No,None,Dustbin,4,Observed during peak lunch rush hour.
REC-VSIT-0521,2024-12-16,2024-12,Teaching Staff,Teaching Staff,Other,Medium Carry Bag,1,8.2,Food takeaway,Yes,No,Medium,Yes,Carried cloth bag,Reused,4,Vendor supplied food in double plastic bag.
REC-VSIT-0550,2024-12-16,2024-12,Students,BSc IT,Nearby Vendor Interaction,Large Carry Bag,3,41.6,Beverage container,No,Yes,Medium,No,None,Recycling Bin,4,Observed during peak lunch rush hour.
REC-VSIT-0851,2024-12-16,2024-12,Teaching Staff,Teaching Staff,Cafeteria,Medium Carry Bag,2,14.9,Event material transport,No,Yes,High,Yes,Refused plastic bag,Reused,4,Vendor supplied food in double plastic bag.
REC-VSIT-1008,2024-12-17,2024-12,Teaching Staff,Teaching Staff,Stationery Area,Thin Carry Bag,1,4.9,Stationery purchase,Yes,No,High,Yes,Reused old plastic bag,Reused,5,Staff member carried reusable canvas tote bag.
REC-VSIT-0157,2024-12-18,2024-12,Teaching Staff,Teaching Staff,Canteen,Thin Carry Bag,0,0,Event material transport,Yes,No,High,Yes,Carried cloth bag,Reused,4,Student refused extra plastic bag and used backpack.
REC-VSIT-0323,2024-12-18,2024-12,Non-Teaching Staff,Administrative Staff,Library Area,Large Carry Bag,0,0,Food takeaway,Yes,No,High,Yes,Reused old plastic bag,Reused,5,Vendor supplied food in double plastic bag.
REC-VSIT-0145,2024-12-19,2024-12,Teaching Staff,Teaching Staff,Stationery Area,Shopping Bag,0,0,Snack packaging,Yes,No,High,Yes,Carried cloth bag,Reused,4,Event setup generated bulk plastic packaging waste.
REC-VSIT-0512,2024-12-19,2024-12,Non-Teaching Staff,Administrative Staff,Cafeteria,Medium Carry Bag,0,0,Document / book carrying,Yes,No,High,Yes,Carried cloth bag,Reused,5,Awareness poster displayed nearby; student opted out of plastic.
REC-VSIT-0716,2024-12-19,2024-12,Students,MSc IT,Entrance / Exit,Shopping Bag,1,10.9,Vendor supply delivery,No,Yes,Low,No,None,Littered,1,Reused plastic bag brought from home.
REC-VSIT-0978,2024-12-19,2024-12,Non-Teaching Staff,Administrative Staff,Library Area,Food Packaging Bag,0,0,Personal item storage,Yes,No,Medium,No,Carried cloth bag,Reused,3,Vendor supplied food in double plastic bag.
REC-VSIT-0362,2024-12-20,2024-12,Vendors,Other,Other,Large Carry Bag,0,0,Personal item storage,Yes,No,Medium,No,Reused old plastic bag,Reused,3,Observed during peak lunch rush hour.
REC-VSIT-0618,2024-12-20,2024-12,Non-Teaching Staff,Administrative Staff,Entrance / Exit,Thin Carry Bag,1,4.5,Stationery purchase,Yes,No,Medium,Yes,Reused old plastic bag,Reused,4,Event setup generated bulk plastic packaging waste.
REC-VSIT-0652,2024-12-20,2024-12,Students,BSc IT,Nearby Vendor Interaction,Medium Carry Bag,1,8.1,Personal item storage,Yes,No,Medium,Yes,Reused old plastic bag,Reused,3,Reused plastic bag brought from home.
REC-VSIT-0493,2024-12-21,2024-12,Vendors,Other,Other,Food Packaging Bag,2,10.8,Event material transport,No,Yes,Medium,Yes,Refused plastic bag,Recycling Bin,3,Awareness poster displayed nearby; student opted out of plastic.
REC-VSIT-0820,2024-12-21,2024-12,Non-Teaching Staff,Administrative Staff,Library Area,Shopping Bag,0,0,Stationery purchase,Yes,No,Medium,No,Carried cloth bag,Reused,4,Student refused extra plastic bag and used backpack.
REC-VSIT-1035,2024-12-21,2024-12,Visitors,Other,Other,Thin Carry Bag,0,0,Personal item storage,Yes,No,Medium,Yes,Reused old plastic bag,Reused,3,Staff member carried reusable canvas tote bag.
REC-VSIT-0577,2024-12-22,2024-12,Teaching Staff,Teaching Staff,Cafeteria,Medium Carry Bag,2,14.8,Stationery purchase,Yes,No,High,Yes,Reused old plastic bag,Reused,5,Student refused extra plastic bag and used backpack.
REC-VSIT-0154,2024-12-23,2024-12,Students,BCA,Other,Thin Carry Bag,1,4.5,Stationery purchase,No,Yes,Medium,No,None,Littered,3,Stationery purchase wrapped in plastic carry bag.
REC-VSIT-0160,2024-12-23,2024-12,Teaching Staff,Teaching Staff,Administrative Area,Shopping Bag,2,22.9,Document / book carrying,No,Yes,Medium,Yes,Used paper container,Dustbin,4,Event setup generated bulk plastic packaging waste.
REC-VSIT-0173,2024-12-23,2024-12,Vendors,Other,Stationery Area,Shopping Bag,0,0,Event material transport,Yes,No,High,Yes,Carried cloth bag,Reused,5,Student refused extra plastic bag and used backpack.
REC-VSIT-0281,2024-12-23,2024-12,Students,BSc IT,Student Activity Area,Shopping Bag,2,23.7,Snack packaging,No,Yes,High,Yes,Used paper container,Reused,4,Staff member carried reusable canvas tote bag.
REC-VSIT-0825,2024-12-23,2024-12,Non-Teaching Staff,Administrative Staff,Canteen,Medium Carry Bag,0,0,Food takeaway,Yes,No,High,Yes,Carried cloth bag,Reused,5,Single snack item packed in thin polythene.
REC-VSIT-1009,2024-12-23,2024-12,Vendors,Other,Nearby Vendor Interaction,Large Carry Bag,3,42,Beverage container,No,Yes,Medium,No,None,Littered,4,Event setup generated bulk plastic packaging waste.
REC-VSIT-0361,2024-12-24,2024-12,Students,BCA,Campus Events,Medium Carry Bag,4,31.7,Personal item storage,No,Yes,Low,No,None,Reused,2,Vendor supplied food in double plastic bag.
REC-VSIT-0937,2024-12-24,2024-12,Vendors,Other,Cafeteria,Medium Carry Bag,2,15.2,Snack packaging,Yes,No,High,Yes,Carried cloth bag,Reused,4,Reused plastic bag brought from home.
REC-VSIT-0366,2024-12-25,2024-12,Non-Teaching Staff,Administrative Staff,Stationery Area,Thin Carry Bag,0,0,Food takeaway,Yes,No,High,Yes,Carried cloth bag,Reused,4,Staff member carried reusable canvas tote bag.
REC-VSIT-0025,2024-12-26,2024-12,Vendors,Other,Administrative Area,Thin Carry Bag,0,0,Event material transport,Yes,No,High,Yes,Carried cloth bag,Reused,5,Stationery purchase wrapped in plastic carry bag.
REC-VSIT-0874,2024-12-26,2024-12,Non-Teaching Staff,Administrative Staff,Nearby Vendor Interaction,Food Packaging Bag,2,10.7,Event material transport,No,Yes,Medium,No,None,Littered,4,Vendor supplied food in double plastic bag.
REC-VSIT-0934,2024-12-26,2024-12,Teaching Staff,Teaching Staff,Administrative Area,Large Carry Bag,0,0,Event material transport,Yes,No,High,Yes,Carried cloth bag,Reused,4,Reused plastic bag brought from home.
REC-VSIT-0235,2024-12-27,2024-12,Students,BCA,Stationery Area,Thin Carry Bag,2,8.7,Stationery purchase,No,Yes,High,Yes,Used paper container,Littered,5,Vendor supplied food in double plastic bag.
REC-VSIT-0558,2024-12-27,2024-12,Students,BSc IT,Cafeteria,Food Packaging Bag,3,15.2,Vendor supply delivery,No,No,High,Yes,None,Dustbin,5,Reused plastic bag brought from home.
REC-VSIT-0692,2024-12-27,2024-12,Teaching Staff,Teaching Staff,Canteen,Medium Carry Bag,0,0,Event material transport,Yes,No,High,Yes,Reused old plastic bag,Reused,5,Plastic bag discarded in general waste bin.
REC-VSIT-0776,2024-12-27,2024-12,Non-Teaching Staff,Administrative Staff,Canteen,Thin Carry Bag,4,18.4,Personal item storage,No,Yes,Medium,Yes,Refused plastic bag,Dustbin,3,Single snack item packed in thin polythene.
REC-VSIT-0994,2024-12-27,2024-12,Non-Teaching Staff,Administrative Staff,Canteen,Food Packaging Bag,2,10.1,Food takeaway,Yes,No,High,Yes,Carried cloth bag,Reused,5,Reused plastic bag brought from home.
REC-VSIT-0363,2024-12-28,2024-12,Students,BCA,Entrance / Exit,Other,1,7.5,Vendor supply delivery,No,Yes,Low,No,None,Reused,3,Vendor supplied food in double plastic bag.
REC-VSIT-0408,2024-12-28,2024-12,Visitors,Other,Entrance / Exit,Food Packaging Bag,0,0,Event material transport,Yes,No,High,Yes,Carried cloth bag,Reused,5,Single snack item packed in thin polythene.
REC-VSIT-0958,2024-12-29,2024-12,Vendors,Other,Administrative Area,Other,1,6.3,Snack packaging,Yes,No,High,Yes,Reused old plastic bag,Reused,5,Event setup generated bulk plastic packaging waste.
REC-VSIT-1045,2024-12-29,2024-12,Vendors,Other,Administrative Area,Other,0,0,Personal item storage,Yes,No,High,Yes,Reused old plastic bag,Reused,5,Awareness poster displayed nearby; student opted out of plastic.
REC-VSIT-0503,2024-12-30,2024-12,Vendors,Other,Stationery Area,Thin Carry Bag,2,9.3,Document / book carrying,No,Yes,Medium,No,None,Littered,4,Observed during peak lunch rush hour.
REC-VSIT-0862,2024-12-30,2024-12,Teaching Staff,Teaching Staff,Nearby Vendor Interaction,Shopping Bag,3,38.9,Stationery purchase,No,Yes,High,Yes,Refused plastic bag,Littered,4,Plastic bag discarded in general waste bin.
REC-VSIT-0120,2024-12-31,2024-12,Students,BSc IT,Student Activity Area,Medium Carry Bag,2,16.6,Document / book carrying,No,No,Low,No,None,Dustbin,3,Vendor supplied food in double plastic bag.
REC-VSIT-0328,2024-12-31,2024-12,Vendors,Other,Library Area,Large Carry Bag,1,13.3,Food takeaway,No,Yes,Low,No,None,Recycling Bin,2,Plastic bag discarded in general waste bin.
REC-VSIT-0605,2024-12-31,2024-12,Non-Teaching Staff,Administrative Staff,Canteen,Thin Carry Bag,2,9.4,Beverage container,Yes,No,High,Yes,Carried cloth bag,Reused,4,Event setup generated bulk plastic packaging waste.
REC-VSIT-0803,2024-12-31,2024-12,Students,BSc IT,Student Activity Area,Food Packaging Bag,1,5.7,Vendor supply delivery,Yes,No,Medium,No,Carried cloth bag,Reused,4,Stationery purchase wrapped in plastic carry bag.
REC-VSIT-0975,2024-12-31,2024-12,Non-Teaching Staff,Administrative Staff,Nearby Vendor Interaction,Large Carry Bag,2,26.9,Food takeaway,Yes,No,High,Yes,Reused old plastic bag,Reused,5,Observed during peak lunch rush hour.
REC-VSIT-0419,2025-01-01,2025-01,Students,BSc IT,Nearby Vendor Interaction,Thin Carry Bag,3,13.4,Personal item storage,No,No,Medium,No,None,Littered,3,Staff member carried reusable canvas tote bag.
REC-VSIT-0516,2025-01-01,2025-01,Visitors,Other,Stationery Area,Shopping Bag,1,11.7,Vendor supply delivery,No,Yes,Low,No,None,Littered,3,Awareness poster displayed nearby; student opted out of plastic.
REC-VSIT-0486,2025-01-02,2025-01,Teaching Staff,Teaching Staff,Library Area,Large Carry Bag,0,0,Food takeaway,Yes,No,Medium,No,Carried cloth bag,Reused,4,Reused plastic bag brought from home.
REC-VSIT-0579,2025-01-02,2025-01,Students,BSc CS,Stationery Area,Thin Carry Bag,3,14.7,Personal item storage,No,Yes,Low,No,None,Littered,2,Student refused extra plastic bag and used backpack.
REC-VSIT-0722,2025-01-02,2025-01,Students,BSc IT,Entrance / Exit,Other,0,0,Personal item storage,Yes,No,High,Yes,Carried cloth bag,Reused,5,Plastic bag discarded in general waste bin.
REC-VSIT-0740,2025-01-02,2025-01,Students,BCA,Stationery Area,Medium Carry Bag,3,21.9,Stationery purchase,No,Yes,Low,No,None,Recycling Bin,2,Reused plastic bag brought from home.
REC-VSIT-1028,2025-01-02,2025-01,Vendors,Other,Entrance / Exit,Large Carry Bag,1,15.5,Vendor supply delivery,Yes,No,High,Yes,Carried cloth bag,Reused,5,Observed during peak lunch rush hour.
REC-VSIT-0546,2025-01-03,2025-01,Non-Teaching Staff,Administrative Staff,Student Activity Area,Other,1,7.6,Food takeaway,No,Yes,High,Yes,Used paper container,Littered,5,Student refused extra plastic bag and used backpack.
REC-VSIT-0664,2025-01-03,2025-01,Non-Teaching Staff,Administrative Staff,Cafeteria,Food Packaging Bag,1,5.8,Food takeaway,No,Yes,Low,No,None,Recycling Bin,3,Plastic bag discarded in general waste bin.
REC-VSIT-0869,2025-01-03,2025-01,Students,BSc IT,Cafeteria,Thin Carry Bag,2,8.3,Personal item storage,Yes,No,High,Yes,Reused old plastic bag,Reused,4,Event setup generated bulk plastic packaging waste.
REC-VSIT-0201,2025-01-04,2025-01,Teaching Staff,Teaching Staff,Entrance / Exit,Shopping Bag,1,11.2,Event material transport,No,Yes,Medium,No,None,Littered,3,Single snack item packed in thin polythene.
REC-VSIT-0275,2025-01-04,2025-01,Students,BCA,Entrance / Exit,Large Carry Bag,0,0,Personal item storage,Yes,No,Medium,No,Reused old plastic bag,Reused,3,Observed during peak lunch rush hour.
REC-VSIT-0292,2025-01-04,2025-01,Vendors,Other,Administrative Area,Other,1,7.4,Snack packaging,No,No,High,Yes,None,Recycling Bin,5,Single snack item packed in thin polythene.
REC-VSIT-0344,2025-01-05,2025-01,Vendors,Other,Student Activity Area,Other,3,19.1,Snack packaging,No,Yes,Low,No,None,Dustbin,1,Student refused extra plastic bag and used backpack.
REC-VSIT-0161,2025-01-06,2025-01,Visitors,Other,Library Area,Medium Carry Bag,0,0,Beverage container,Yes,No,Medium,No,Reused old plastic bag,Reused,3,Observed during peak lunch rush hour.
REC-VSIT-0180,2025-01-06,2025-01,Teaching Staff,Teaching Staff,Student Activity Area,Large Carry Bag,2,27.4,Food takeaway,No,Yes,Medium,Yes,Used paper container,Recycling Bin,4,Stationery purchase wrapped in plastic carry bag.
REC-VSIT-0603,2025-01-06,2025-01,Teaching Staff,Teaching Staff,Cafeteria,Food Packaging Bag,2,10.1,Event material transport,No,Yes,Medium,No,None,Littered,4,Observed during peak lunch rush hour.
REC-VSIT-0739,2025-01-06,2025-01,Teaching Staff,Teaching Staff,Administrative Area,Food Packaging Bag,0,0,Food takeaway,Yes,No,High,Yes,Carried cloth bag,Reused,4,Vendor supplied food in double plastic bag.
REC-VSIT-0632,2025-01-07,2025-01,Students,MSc IT,Student Activity Area,Shopping Bag,2,22.2,Beverage container,No,Yes,Medium,Yes,Used paper container,Dustbin,3,Student refused extra plastic bag and used backpack.
REC-VSIT-0711,2025-01-07,2025-01,Teaching Staff,Teaching Staff,Canteen,Thin Carry Bag,1,4.7,Food takeaway,No,Yes,Medium,No,None,Dustbin,4,Plastic bag discarded in general waste bin.
REC-VSIT-0744,2025-01-07,2025-01,Non-Teaching Staff,Administrative Staff,Administrative Area,Food Packaging Bag,0,0,Event material transport,Yes,No,Medium,No,Carried cloth bag,Reused,3,Vendor supplied food in double plastic bag.
REC-VSIT-0814,2025-01-07,2025-01,Teaching Staff,Teaching Staff,Student Activity Area,Other,0,0,Beverage container,Yes,No,High,Yes,Carried cloth bag,Reused,4,Stationery purchase wrapped in plastic carry bag.
REC-VSIT-0986,2025-01-07,2025-01,Vendors,Other,Entrance / Exit,Food Packaging Bag,0,0,Beverage container,Yes,No,Medium,No,Reused old plastic bag,Reused,4,Single snack item packed in thin polythene.
REC-VSIT-0485,2025-01-08,2025-01,Teaching Staff,Teaching Staff,Stationery Area,Thin Carry Bag,2,8.2,Snack packaging,No,Yes,Low,No,None,Littered,2,Reused plastic bag brought from home.
REC-VSIT-0468,2025-01-09,2025-01,Vendors,Other,Canteen,Thin Carry Bag,1,4.2,Food takeaway,No,Yes,Low,No,None,Dustbin,1,Observed during peak lunch rush hour.
REC-VSIT-0863,2025-01-09,2025-01,Vendors,Other,Cafeteria,Medium Carry Bag,2,14.9,Document / book carrying,No,No,Medium,Yes,None,Littered,4,Vendor supplied food in double plastic bag.
REC-VSIT-0947,2025-01-09,2025-01,Non-Teaching Staff,Administrative Staff,Administrative Area,Shopping Bag,2,24.7,Snack packaging,No,Yes,Medium,No,None,Dustbin,3,Student refused extra plastic bag and used backpack.
REC-VSIT-0099,2025-01-10,2025-01,Teaching Staff,Teaching Staff,Student Activity Area,Shopping Bag,1,11.2,Food takeaway,Yes,No,High,Yes,Carried cloth bag,Reused,5,Vendor supplied food in double plastic bag.
REC-VSIT-0784,2025-01-10,2025-01,Non-Teaching Staff,Administrative Staff,Canteen,Medium Carry Bag,1,7.6,Beverage container,Yes,No,High,Yes,Reused old plastic bag,Reused,5,Single snack item packed in thin polythene.
REC-VSIT-0824,2025-01-10,2025-01,Teaching Staff,Teaching Staff,Other,Food Packaging Bag,1,5.3,Event material transport,No,No,High,Yes,None,Dustbin,4,Single snack item packed in thin polythene.
REC-VSIT-0580,2025-01-11,2025-01,Students,MSc IT,Administrative Area,Food Packaging Bag,1,5.9,Event material transport,No,Yes,High,Yes,Refused plastic bag,Dustbin,4,Staff member carried reusable canvas tote bag.
REC-VSIT-0959,2025-01-11,2025-01,Students,MSc IT,Canteen,Thin Carry Bag,2,9.3,Beverage container,No,Yes,High,Yes,Refused plastic bag,Dustbin,4,Student refused extra plastic bag and used backpack.
REC-VSIT-0296,2025-01-12,2025-01,Students,BCA,Other,Thin Carry Bag,2,8.8,Document / book carrying,No,Yes,Low,No,None,Littered,2,Awareness poster displayed nearby; student opted out of plastic.
REC-VSIT-0404,2025-01-12,2025-01,Non-Teaching Staff,Administrative Staff,Other,Food Packaging Bag,2,10.6,Beverage container,No,Yes,Medium,No,None,Recycling Bin,4,Event setup generated bulk plastic packaging waste.
REC-VSIT-0757,2025-01-12,2025-01,Non-Teaching Staff,Administrative Staff,Cafeteria,Thin Carry Bag,3,14.6,Food takeaway,No,Yes,High,Yes,Refused plastic bag,Dustbin,4,Stationery purchase wrapped in plastic carry bag.
REC-VSIT-0156,2025-01-13,2025-01,Teaching Staff,Teaching Staff,Entrance / Exit,Shopping Bag,2,24.5,Beverage container,No,No,Low,No,None,Recycling Bin,3,Vendor supplied food in double plastic bag.
REC-VSIT-0188,2025-01-13,2025-01,Teaching Staff,Teaching Staff,Nearby Vendor Interaction,Thin Carry Bag,2,9.6,Document / book carrying,Yes,No,High,Yes,Reused old plastic bag,Reused,4,Vendor supplied food in double plastic bag.
REC-VSIT-0318,2025-01-13,2025-01,Non-Teaching Staff,Administrative Staff,Entrance / Exit,Shopping Bag,0,0,Vendor supply delivery,Yes,No,High,Yes,Carried cloth bag,Reused,5,Staff member carried reusable canvas tote bag.
REC-VSIT-0096,2025-01-14,2025-01,Visitors,Other,Other,Shopping Bag,0,0,Vendor supply delivery,Yes,No,High,Yes,Carried cloth bag,Reused,5,Event setup generated bulk plastic packaging waste.
REC-VSIT-0138,2025-01-14,2025-01,Vendors,Other,Other,Medium Carry Bag,1,8.8,Personal item storage,No,Yes,Low,No,None,Dustbin,1,Event setup generated bulk plastic packaging waste.
REC-VSIT-0146,2025-01-14,2025-01,Vendors,Other,Entrance / Exit,Shopping Bag,1,11.4,Event material transport,No,Yes,Low,No,None,Dustbin,3,Staff member carried reusable canvas tote bag.
REC-VSIT-0152,2025-01-14,2025-01,Students,MSc IT,Entrance / Exit,Other,2,14.9,Beverage container,No,No,Medium,No,None,Littered,3,Student refused extra plastic bag and used backpack.
REC-VSIT-0401,2025-01-14,2025-01,Students,BSc IT,Campus Events,Large Carry Bag,3,46.2,Beverage container,Yes,No,Medium,Yes,Reused old plastic bag,Reused,3,Reused plastic bag brought from home.
REC-VSIT-0518,2025-01-14,2025-01,Vendors,Other,Nearby Vendor Interaction,Thin Carry Bag,1,4.9,Snack packaging,No,Yes,Medium,Yes,Refused plastic bag,Recycling Bin,4,Student refused extra plastic bag and used backpack.
REC-VSIT-0026,2025-01-15,2025-01,Visitors,Other,Entrance / Exit,Large Carry Bag,0,0,Document / book carrying,Yes,No,Medium,Yes,Carried cloth bag,Reused,4,Stationery purchase wrapped in plastic carry bag.
REC-VSIT-0243,2025-01-15,2025-01,Non-Teaching Staff,Administrative Staff,Entrance / Exit,Medium Carry Bag,2,14.5,Vendor supply delivery,No,No,Medium,Yes,None,Dustbin,4,Single snack item packed in thin polythene.
REC-VSIT-0607,2025-01-15,2025-01,Visitors,Other,Entrance / Exit,Large Carry Bag,1,13.8,Event material transport,No,No,Medium,No,None,Littered,4,Awareness poster displayed nearby; student opted out of plastic.
REC-VSIT-0481,2025-01-16,2025-01,Vendors,Other,Other,Shopping Bag,0,0,Document / book carrying,Yes,No,High,Yes,Reused old plastic bag,Reused,5,Event setup generated bulk plastic packaging waste.
REC-VSIT-0717,2025-01-16,2025-01,Teaching Staff,Teaching Staff,Library Area,Thin Carry Bag,1,4.1,Event material transport,No,Yes,Medium,No,None,Dustbin,3,Reused plastic bag brought from home.
REC-VSIT-0023,2025-01-17,2025-01,Non-Teaching Staff,Administrative Staff,Campus Events,Large Carry Bag,4,55.7,Document / book carrying,No,Yes,Low,No,None,Recycling Bin,2,Awareness poster displayed nearby; student opted out of plastic.
REC-VSIT-0474,2025-01-17,2025-01,Teaching Staff,Teaching Staff,Campus Events,Large Carry Bag,3,41.4,Snack packaging,No,Yes,Low,No,None,Littered,1,Student refused extra plastic bag and used backpack.
REC-VSIT-0689,2025-01-17,2025-01,Vendors,Other,Administrative Area,Thin Carry Bag,0,0,Snack packaging,Yes,No,High,Yes,Reused old plastic bag,Reused,4,Student refused extra plastic bag and used backpack.
REC-VSIT-0967,2025-01-18,2025-01,Visitors,Other,Stationery Area,Thin Carry Bag,0,0,Personal item storage,Yes,No,Medium,No,Carried cloth bag,Reused,4,Staff member carried reusable canvas tote bag.
REC-VSIT-0985,2025-01-18,2025-01,Non-Teaching Staff,Administrative Staff,Canteen,Food Packaging Bag,4,21.4,Document / book carrying,No,Yes,High,Yes,Refused plastic bag,Recycling Bin,4,Stationery purchase wrapped in plastic carry bag.
REC-VSIT-0307,2025-01-19,2025-01,Vendors,Other,Cafeteria,Food Packaging Bag,1,5.2,Food takeaway,Yes,No,Medium,No,Carried cloth bag,Reused,3,Event setup generated bulk plastic packaging waste.
REC-VSIT-0310,2025-01-19,2025-01,Non-Teaching Staff,Administrative Staff,Nearby Vendor Interaction,Thin Carry Bag,0,0,Vendor supply delivery,Yes,No,Medium,No,Carried cloth bag,Reused,4,Staff member carried reusable canvas tote bag.
REC-VSIT-1013,2025-01-19,2025-01,Vendors,Other,Canteen,Thin Carry Bag,2,8.8,Food takeaway,Yes,No,High,Yes,Reused old plastic bag,Reused,4,Event setup generated bulk plastic packaging waste.
REC-VSIT-0247,2025-01-21,2025-01,Vendors,Other,Administrative Area,Large Carry Bag,2,29,Snack packaging,No,Yes,Low,No,None,Recycling Bin,2,Student refused extra plastic bag and used backpack.
REC-VSIT-0786,2025-01-21,2025-01,Non-Teaching Staff,Administrative Staff,Administrative Area,Thin Carry Bag,1,4.4,Document / book carrying,No,Yes,Medium,Yes,Used paper container,Dustbin,4,Stationery purchase wrapped in plastic carry bag.
REC-VSIT-0881,2025-01-21,2025-01,Visitors,Other,Entrance / Exit,Medium Carry Bag,0,0,Vendor supply delivery,Yes,No,High,Yes,Carried cloth bag,Reused,5,Stationery purchase wrapped in plastic carry bag.
REC-VSIT-0214,2025-01-22,2025-01,Teaching Staff,Teaching Staff,Library Area,Shopping Bag,0,0,Stationery purchase,Yes,No,High,Yes,Reused old plastic bag,Reused,4,Event setup generated bulk plastic packaging waste.
REC-VSIT-0926,2025-01-22,2025-01,Visitors,Other,Other,Other,2,15.1,Personal item storage,No,Yes,High,Yes,Refused plastic bag,Dustbin,4,Student refused extra plastic bag and used backpack.
REC-VSIT-0358,2025-01-23,2025-01,Vendors,Other,Cafeteria,Food Packaging Bag,4,21.4,Vendor supply delivery,No,Yes,Medium,Yes,Used paper container,Dustbin,4,Student refused extra plastic bag and used backpack.
REC-VSIT-0877,2025-01-23,2025-01,Vendors,Other,Nearby Vendor Interaction,Other,4,27.5,Food takeaway,No,Yes,Medium,Yes,Used paper container,Reused,3,Student refused extra plastic bag and used backpack.
REC-VSIT-0932,2025-01-23,2025-01,Students,MSc IT,Student Activity Area,Large Carry Bag,1,14.9,Vendor supply delivery,Yes,No,Medium,No,Carried cloth bag,Reused,4,Single snack item packed in thin polythene.
REC-VSIT-0436,2025-01-24,2025-01,Non-Teaching Staff,Administrative Staff,Entrance / Exit,Shopping Bag,1,12.5,Stationery purchase,No,Yes,Low,No,None,Recycling Bin,1,Staff member carried reusable canvas tote bag.
REC-VSIT-0324,2025-01-25,2025-01,Students,BSc IT,Student Activity Area,Thin Carry Bag,0,0,Stationery purchase,Yes,No,High,Yes,Carried cloth bag,Reused,4,Event setup generated bulk plastic packaging waste.
REC-VSIT-0331,2025-01-25,2025-01,Students,BCA,Nearby Vendor Interaction,Large Carry Bag,2,30.7,Personal item storage,No,Yes,Low,No,None,Recycling Bin,3,Single snack item packed in thin polythene.
REC-VSIT-0384,2025-01-25,2025-01,Teaching Staff,Teaching Staff,Other,Large Carry Bag,1,14,Document / book carrying,No,No,Low,No,None,Recycling Bin,3,Observed during peak lunch rush hour.
REC-VSIT-0544,2025-01-25,2025-01,Vendors,Other,Entrance / Exit,Large Carry Bag,2,29.1,Vendor supply delivery,No,Yes,Medium,Yes,Used paper container,Reused,4,Single snack item packed in thin polythene.
REC-VSIT-0969,2025-01-25,2025-01,Non-Teaching Staff,Administrative Staff,Student Activity Area,Other,0,0,Event material transport,Yes,No,Medium,No,Reused old plastic bag,Reused,3,Single snack item packed in thin polythene.
REC-VSIT-0974,2025-01-25,2025-01,Students,BCA,Library Area,Medium Carry Bag,2,17.4,Vendor supply delivery,No,Yes,Medium,Yes,Used paper container,Littered,3,Plastic bag discarded in general waste bin.
REC-VSIT-0125,2025-01-26,2025-01,Visitors,Other,Cafeteria,Food Packaging Bag,0,0,Event material transport,Yes,No,High,Yes,Carried cloth bag,Reused,5,Event setup generated bulk plastic packaging waste.
REC-VSIT-0163,2025-01-26,2025-01,Students,BSc IT,Cafeteria,Food Packaging Bag,1,5.5,Event material transport,No,Yes,High,Yes,Refused plastic bag,Dustbin,5,Stationery purchase wrapped in plastic carry bag.
REC-VSIT-0724,2025-01-26,2025-01,Vendors,Other,Other,Large Carry Bag,0,0,Snack packaging,Yes,No,Medium,Yes,Reused old plastic bag,Reused,3,Staff member carried reusable canvas tote bag.
REC-VSIT-0804,2025-01-26,2025-01,Students,BCA,Cafeteria,Medium Carry Bag,0,0,Food takeaway,Yes,No,Medium,Yes,Reused old plastic bag,Reused,4,Vendor supplied food in double plastic bag.
REC-VSIT-0112,2025-01-27,2025-01,Teaching Staff,Teaching Staff,Administrative Area,Thin Carry Bag,1,4.5,Stationery purchase,No,Yes,Medium,No,None,Dustbin,3,Vendor supplied food in double plastic bag.
REC-VSIT-0167,2025-01-27,2025-01,Non-Teaching Staff,Administrative Staff,Campus Events,Food Packaging Bag,2,10.3,Event material transport,No,Yes,Low,No,None,Littered,2,Staff member carried reusable canvas tote bag.
REC-VSIT-0285,2025-01-27,2025-01,Teaching Staff,Teaching Staff,Library Area,Other,1,7,Vendor supply delivery,No,Yes,High,Yes,Refused plastic bag,Littered,4,Staff member carried reusable canvas tote bag.
REC-VSIT-0370,2025-01-27,2025-01,Students,BSc IT,Entrance / Exit,Food Packaging Bag,0,0,Beverage container,Yes,No,High,Yes,Carried cloth bag,Reused,4,Student refused extra plastic bag and used backpack.
REC-VSIT-0844,2025-01-27,2025-01,Non-Teaching Staff,Administrative Staff,Stationery Area,Medium Carry Bag,3,22.4,Snack packaging,No,No,Medium,No,None,Littered,3,Plastic bag discarded in general waste bin.
REC-VSIT-0965,2025-01-27,2025-01,Non-Teaching Staff,Administrative Staff,Student Activity Area,Food Packaging Bag,3,16.8,Personal item storage,No,Yes,High,Yes,Used paper container,Littered,4,Observed during peak lunch rush hour.
REC-VSIT-0008,2025-01-28,2025-01,Teaching Staff,Teaching Staff,Administrative Area,Shopping Bag,0,0,Vendor supply delivery,Yes,No,High,Yes,Reused old plastic bag,Reused,4,Stationery purchase wrapped in plastic carry bag.
REC-VSIT-0088,2025-01-28,2025-01,Students,BCA,Administrative Area,Food Packaging Bag,1,5.3,Document / book carrying,No,No,Low,No,None,Dustbin,3,Stationery purchase wrapped in plastic carry bag.
REC-VSIT-0312,2025-01-28,2025-01,Non-Teaching Staff,Administrative Staff,Other,Other,1,7.1,Vendor supply delivery,No,Yes,High,Yes,Used paper container,Littered,5,Staff member carried reusable canvas tote bag.
REC-VSIT-0915,2025-01-28,2025-01,Students,BCA,Student Activity Area,Thin Carry Bag,3,13,Snack packaging,No,No,Low,No,None,Recycling Bin,2,Stationery purchase wrapped in plastic carry bag.
REC-VSIT-0451,2025-01-29,2025-01,Vendors,Other,Cafeteria,Medium Carry Bag,0,0,Document / book carrying,Yes,No,High,Yes,Carried cloth bag,Reused,5,Observed during peak lunch rush hour.
REC-VSIT-0117,2025-01-30,2025-01,Non-Teaching Staff,Administrative Staff,Student Activity Area,Large Carry Bag,1,14,Document / book carrying,No,No,Low,No,None,Recycling Bin,1,Reused plastic bag brought from home.
REC-VSIT-0182,2025-01-30,2025-01,Visitors,Other,Cafeteria,Thin Carry Bag,1,4.7,Personal item storage,No,Yes,High,Yes,Used paper container,Dustbin,4,Vendor supplied food in double plastic bag.
REC-VSIT-0645,2025-01-30,2025-01,Visitors,Other,Canteen,Medium Carry Bag,3,23.7,Personal item storage,No,Yes,Medium,Yes,Refused plastic bag,Dustbin,3,Awareness poster displayed nearby; student opted out of plastic.
REC-VSIT-0984,2025-01-30,2025-01,Vendors,Other,Canteen,Medium Carry Bag,0,0,Vendor supply delivery,Yes,No,High,Yes,Reused old plastic bag,Reused,4,Reused plastic bag brought from home.
REC-VSIT-0177,2025-01-31,2025-01,Visitors,Other,Nearby Vendor Interaction,Other,1,6.4,Document / book carrying,No,No,Medium,Yes,None,Littered,4,Awareness poster displayed nearby; student opted out of plastic.
REC-VSIT-0460,2025-01-31,2025-01,Vendors,Other,Administrative Area,Large Carry Bag,0,0,Stationery purchase,Yes,No,High,Yes,Carried cloth bag,Reused,4,Observed during peak lunch rush hour.
REC-VSIT-0176,2025-02-01,2025-02,Visitors,Other,Canteen,Medium Carry Bag,3,25.6,Document / book carrying,Yes,No,Medium,No,Carried cloth bag,Reused,4,Staff member carried reusable canvas tote bag.
REC-VSIT-0821,2025-02-01,2025-02,Students,BSc CS,Library Area,Large Carry Bag,2,30,Personal item storage,No,No,Medium,No,None,Recycling Bin,3,Student refused extra plastic bag and used backpack.
REC-VSIT-0981,2025-02-01,2025-02,Non-Teaching Staff,Administrative Staff,Campus Events,Medium Carry Bag,6,45.5,Stationery purchase,No,Yes,Medium,No,None,Reused,3,Staff member carried reusable canvas tote bag.
REC-VSIT-0246,2025-02-02,2025-02,Vendors,Other,Student Activity Area,Large Carry Bag,1,13.4,Vendor supply delivery,Yes,No,High,Yes,Reused old plastic bag,Reused,4,Stationery purchase wrapped in plastic carry bag.
REC-VSIT-0262,2025-02-02,2025-02,Visitors,Other,Library Area,Medium Carry Bag,0,0,Personal item storage,Yes,No,High,Yes,Reused old plastic bag,Reused,5,Vendor supplied food in double plastic bag.
REC-VSIT-0833,2025-02-02,2025-02,Teaching Staff,Teaching Staff,Entrance / Exit,Food Packaging Bag,0,0,Food takeaway,Yes,No,High,Yes,Reused old plastic bag,Reused,4,Stationery purchase wrapped in plastic carry bag.
REC-VSIT-0132,2025-02-03,2025-02,Teaching Staff,Teaching Staff,Cafeteria,Medium Carry Bag,2,15,Vendor supply delivery,No,Yes,Low,No,None,Littered,3,Student refused extra plastic bag and used backpack.
REC-VSIT-0272,2025-02-03,2025-02,Non-Teaching Staff,Administrative Staff,Stationery Area,Shopping Bag,1,11.4,Beverage container,No,Yes,High,Yes,Used paper container,Littered,5,Stationery purchase wrapped in plastic carry bag.
REC-VSIT-0123,2025-02-04,2025-02,Teaching Staff,Teaching Staff,Canteen,Food Packaging Bag,2,10.1,Food takeaway,Yes,No,High,Yes,Reused old plastic bag,Reused,4,Stationery purchase wrapped in plastic carry bag.
REC-VSIT-0351,2025-02-04,2025-02,Students,MSc IT,Canteen,Food Packaging Bag,1,5.5,Document / book carrying,Yes,No,Medium,No,Carried cloth bag,Reused,3,Single snack item packed in thin polythene.
REC-VSIT-0269,2025-02-05,2025-02,Students,BSc CS,Nearby Vendor Interaction,Other,3,19.2,Beverage container,Yes,No,Medium,No,Carried cloth bag,Reused,3,Awareness poster displayed nearby; student opted out of plastic.
REC-VSIT-0456,2025-02-05,2025-02,Non-Teaching Staff,Administrative Staff,Student Activity Area,Thin Carry Bag,1,4.8,Snack packaging,Yes,No,High,Yes,Reused old plastic bag,Reused,4,Student refused extra plastic bag and used backpack.
REC-VSIT-0045,2025-02-06,2025-02,Non-Teaching Staff,Administrative Staff,Administrative Area,Medium Carry Bag,1,8.6,Snack packaging,Yes,No,High,Yes,Reused old plastic bag,Reused,5,Plastic bag discarded in general waste bin.
REC-VSIT-0442,2025-02-06,2025-02,Vendors,Other,Canteen,Medium Carry Bag,1,7.8,Vendor supply delivery,No,No,High,Yes,None,Dustbin,5,Awareness poster displayed nearby; student opted out of plastic.
REC-VSIT-0635,2025-02-06,2025-02,Teaching Staff,Teaching Staff,Entrance / Exit,Other,2,14.8,Vendor supply delivery,No,No,Medium,No,None,Recycling Bin,4,Stationery purchase wrapped in plastic carry bag.
REC-VSIT-0741,2025-02-06,2025-02,Vendors,Other,Campus Events,Medium Carry Bag,16,137.7,Stationery purchase,Yes,No,Medium,Yes,Reused old plastic bag,Reused,3,Student refused extra plastic bag and used backpack.
REC-VSIT-0153,2025-02-07,2025-02,Teaching Staff,Teaching Staff,Library Area,Large Carry Bag,1,14,Stationery purchase,No,Yes,Low,No,None,Littered,1,Reused plastic bag brought from home.
REC-VSIT-0305,2025-02-07,2025-02,Visitors,Other,Entrance / Exit,Thin Carry Bag,2,9.5,Snack packaging,No,No,Medium,No,None,Reused,3,Student refused extra plastic bag and used backpack.
REC-VSIT-0484,2025-02-07,2025-02,Vendors,Other,Nearby Vendor Interaction,Other,1,7.6,Event material transport,No,No,Medium,Yes,None,Recycling Bin,3,Event setup generated bulk plastic packaging waste.
REC-VSIT-0573,2025-02-07,2025-02,Non-Teaching Staff,Administrative Staff,Stationery Area,Medium Carry Bag,1,7.4,Snack packaging,Yes,No,Medium,No,Reused old plastic bag,Reused,4,Student refused extra plastic bag and used backpack.
REC-VSIT-0623,2025-02-07,2025-02,Vendors,Other,Stationery Area,Thin Carry Bag,2,9.4,Snack packaging,No,Yes,Medium,No,None,Dustbin,3,Single snack item packed in thin polythene.
REC-VSIT-0790,2025-02-07,2025-02,Teaching Staff,Teaching Staff,Canteen,Thin Carry Bag,1,4.7,Food takeaway,Yes,No,Medium,Yes,Reused old plastic bag,Reused,4,Single snack item packed in thin polythene.
REC-VSIT-0071,2025-02-08,2025-02,Teaching Staff,Teaching Staff,Canteen,Food Packaging Bag,1,5.1,Snack packaging,No,No,Low,No,None,Dustbin,1,Staff member carried reusable canvas tote bag.
REC-VSIT-0104,2025-02-08,2025-02,Visitors,Other,Administrative Area,Shopping Bag,1,12.3,Document / book carrying,No,Yes,Medium,Yes,Refused plastic bag,Dustbin,3,Awareness poster displayed nearby; student opted out of plastic.
REC-VSIT-0230,2025-02-08,2025-02,Visitors,Other,Stationery Area,Thin Carry Bag,0,0,Stationery purchase,Yes,No,Medium,Yes,Carried cloth bag,Reused,4,Reused plastic bag brought from home.
REC-VSIT-0842,2025-02-08,2025-02,Students,MSc IT,Library Area,Medium Carry Bag,1,8.6,Event material transport,No,Yes,High,Yes,Refused plastic bag,Recycling Bin,5,Vendor supplied food in double plastic bag.
REC-VSIT-0545,2025-02-09,2025-02,Students,BSc CS,Cafeteria,Thin Carry Bag,4,16.4,Document / book carrying,No,Yes,Low,No,None,Reused,1,Vendor supplied food in double plastic bag.
REC-VSIT-0972,2025-02-09,2025-02,Vendors,Other,Stationery Area,Medium Carry Bag,1,8.1,Beverage container,Yes,No,High,Yes,Reused old plastic bag,Reused,4,Vendor supplied food in double plastic bag.
REC-VSIT-0142,2025-02-10,2025-02,Visitors,Other,Library Area,Other,0,0,Vendor supply delivery,Yes,No,High,Yes,Reused old plastic bag,Reused,5,Stationery purchase wrapped in plastic carry bag.
REC-VSIT-0504,2025-02-10,2025-02,Visitors,Other,Student Activity Area,Shopping Bag,0,0,Snack packaging,Yes,No,High,Yes,Carried cloth bag,Reused,4,Staff member carried reusable canvas tote bag.
REC-VSIT-0540,2025-02-10,2025-02,Teaching Staff,Teaching Staff,Entrance / Exit,Food Packaging Bag,1,5.8,Vendor supply delivery,No,No,High,Yes,None,Recycling Bin,4,Vendor supplied food in double plastic bag.
REC-VSIT-0873,2025-02-10,2025-02,Teaching Staff,Teaching Staff,Nearby Vendor Interaction,Food Packaging Bag,1,5.9,Snack packaging,No,No,Low,No,None,Recycling Bin,1,Event setup generated bulk plastic packaging waste.
REC-VSIT-0910,2025-02-10,2025-02,Visitors,Other,Library Area,Shopping Bag,1,11.2,Vendor supply delivery,Yes,No,High,Yes,Reused old plastic bag,Reused,4,Staff member carried reusable canvas tote bag.
REC-VSIT-0294,2025-02-11,2025-02,Students,BSc CS,Campus Events,Medium Carry Bag,1,8.7,Beverage container,Yes,No,Medium,No,Reused old plastic bag,Reused,3,Event setup generated bulk plastic packaging waste.
REC-VSIT-0398,2025-02-11,2025-02,Students,BSc IT,Other,Food Packaging Bag,1,5.6,Event material transport,Yes,No,High,Yes,Carried cloth bag,Reused,4,Awareness poster displayed nearby; student opted out of plastic.
REC-VSIT-0455,2025-02-11,2025-02,Visitors,Other,Stationery Area,Shopping Bag,1,11,Personal item storage,No,No,Low,No,None,Recycling Bin,3,Vendor supplied food in double plastic bag.
REC-VSIT-0721,2025-02-11,2025-02,Visitors,Other,Entrance / Exit,Medium Carry Bag,2,15.9,Vendor supply delivery,No,Yes,Medium,Yes,Refused plastic bag,Dustbin,4,Vendor supplied food in double plastic bag.
REC-VSIT-0726,2025-02-11,2025-02,Non-Teaching Staff,Administrative Staff,Other,Large Carry Bag,1,15.6,Stationery purchase,No,Yes,Medium,No,None,Dustbin,4,Stationery purchase wrapped in plastic carry bag.
REC-VSIT-0997,2025-02-11,2025-02,Visitors,Other,Canteen,Thin Carry Bag,2,9.8,Snack packaging,Yes,No,High,Yes,Reused old plastic bag,Reused,4,Awareness poster displayed nearby; student opted out of plastic.
REC-VSIT-0081,2025-02-12,2025-02,Students,BSc IT,Canteen,Thin Carry Bag,1,4.6,Beverage container,Yes,No,High,Yes,Carried cloth bag,Reused,5,Event setup generated bulk plastic packaging waste.
REC-VSIT-0139,2025-02-12,2025-02,Students,BSc IT,Cafeteria,Medium Carry Bag,1,8.4,Event material transport,No,No,Low,No,None,Reused,2,Awareness poster displayed nearby; student opted out of plastic.
REC-VSIT-0314,2025-02-12,2025-02,Students,BSc IT,Entrance / Exit,Other,0,0,Event material transport,Yes,No,High,Yes,Reused old plastic bag,Reused,5,Awareness poster displayed nearby; student opted out of plastic.
REC-VSIT-0086,2025-02-13,2025-02,Students,BSc IT,Administrative Area,Thin Carry Bag,0,0,Document / book carrying,Yes,No,High,Yes,Reused old plastic bag,Reused,5,Reused plastic bag brought from home.
REC-VSIT-0189,2025-02-13,2025-02,Visitors,Other,Other,Other,1,6.5,Personal item storage,Yes,No,High,Yes,Carried cloth bag,Reused,5,Event setup generated bulk plastic packaging waste.
REC-VSIT-0520,2025-02-13,2025-02,Vendors,Other,Student Activity Area,Large Carry Bag,0,0,Document / book carrying,Yes,No,High,Yes,Carried cloth bag,Reused,5,Stationery purchase wrapped in plastic carry bag.
REC-VSIT-0793,2025-02-14,2025-02,Students,BCA,Entrance / Exit,Food Packaging Bag,1,5.2,Vendor supply delivery,No,Yes,High,Yes,Refused plastic bag,Dustbin,5,Observed during peak lunch rush hour.
REC-VSIT-0843,2025-02-14,2025-02,Non-Teaching Staff,Administrative Staff,Campus Events,Food Packaging Bag,18,106.8,Beverage container,No,Yes,Medium,No,None,Recycling Bin,4,Stationery purchase wrapped in plastic carry bag.
REC-VSIT-0140,2025-02-15,2025-02,Students,BCA,Nearby Vendor Interaction,Thin Carry Bag,1,4.4,Beverage container,No,No,High,Yes,None,Dustbin,5,Stationery purchase wrapped in plastic carry bag.
REC-VSIT-0289,2025-02-15,2025-02,Vendors,Other,Stationery Area,Medium Carry Bag,1,7.8,Personal item storage,No,Yes,High,Yes,Used paper container,Dustbin,4,Awareness poster displayed nearby; student opted out of plastic.
REC-VSIT-0421,2025-02-15,2025-02,Teaching Staff,Teaching Staff,Student Activity Area,Shopping Bag,3,36.9,Food takeaway,No,Yes,High,Yes,Refused plastic bag,Recycling Bin,5,Single snack item packed in thin polythene.
REC-VSIT-0049,2025-02-17,2025-02,Vendors,Other,Student Activity Area,Shopping Bag,0,0,Vendor supply delivery,Yes,No,High,Yes,Carried cloth bag,Reused,4,Observed during peak lunch rush hour.
REC-VSIT-0196,2025-02-17,2025-02,Students,MSc IT,Stationery Area,Thin Carry Bag,3,12.9,Vendor supply delivery,No,No,Medium,Yes,None,Littered,4,Event setup generated bulk plastic packaging waste.
REC-VSIT-0593,2025-02-18,2025-02,Students,MSc IT,Administrative Area,Shopping Bag,1,11.6,Personal item storage,No,No,Low,No,None,Recycling Bin,2,Event setup generated bulk plastic packaging waste.
REC-VSIT-0991,2025-02-18,2025-02,Vendors,Other,Campus Events,Medium Carry Bag,5,40.5,Event material transport,No,No,Low,No,None,Reused,2,Single snack item packed in thin polythene.
REC-VSIT-0065,2025-02-19,2025-02,Students,MSc IT,Entrance / Exit,Food Packaging Bag,0,0,Stationery purchase,Yes,No,High,Yes,Carried cloth bag,Reused,5,Event setup generated bulk plastic packaging waste.
REC-VSIT-0549,2025-02-19,2025-02,Vendors,Other,Entrance / Exit,Thin Carry Bag,1,4.7,Food takeaway,No,Yes,Medium,No,None,Dustbin,4,Event setup generated bulk plastic packaging waste.
REC-VSIT-0673,2025-02-19,2025-02,Visitors,Other,Stationery Area,Medium Carry Bag,2,16.2,Snack packaging,No,Yes,Medium,No,None,Reused,4,Stationery purchase wrapped in plastic carry bag.
REC-VSIT-0805,2025-02-19,2025-02,Teaching Staff,Teaching Staff,Canteen,Food Packaging Bag,1,5.1,Personal item storage,No,Yes,Low,No,None,Dustbin,3,Event setup generated bulk plastic packaging waste.
REC-VSIT-0454,2025-02-20,2025-02,Vendors,Other,Campus Events,Food Packaging Bag,3,16,Snack packaging,No,No,Medium,No,None,Littered,4,Observed during peak lunch rush hour.
REC-VSIT-0560,2025-02-20,2025-02,Vendors,Other,Nearby Vendor Interaction,Food Packaging Bag,4,23.9,Snack packaging,No,No,Medium,No,None,Recycling Bin,3,Awareness poster displayed nearby; student opted out of plastic.
REC-VSIT-0853,2025-02-20,2025-02,Non-Teaching Staff,Administrative Staff,Stationery Area,Medium Carry Bag,0,0,Event material transport,Yes,No,High,Yes,Carried cloth bag,Reused,5,Awareness poster displayed nearby; student opted out of plastic.
REC-VSIT-0113,2025-02-21,2025-02,Vendors,Other,Canteen,Medium Carry Bag,1,8.1,Beverage container,Yes,No,Medium,No,Reused old plastic bag,Reused,3,Reused plastic bag brought from home.
REC-VSIT-0614,2025-02-21,2025-02,Teaching Staff,Teaching Staff,Canteen,Medium Carry Bag,3,22.4,Personal item storage,No,Yes,High,Yes,Refused plastic bag,Recycling Bin,5,Observed during peak lunch rush hour.
REC-VSIT-0734,2025-02-21,2025-02,Visitors,Other,Student Activity Area,Medium Carry Bag,0,0,Snack packaging,Yes,No,High,Yes,Carried cloth bag,Reused,4,Event setup generated bulk plastic packaging waste.
REC-VSIT-0892,2025-02-21,2025-02,Teaching Staff,Teaching Staff,Library Area,Shopping Bag,2,23.6,Beverage container,No,Yes,Low,No,None,Dustbin,1,Vendor supplied food in double plastic bag.
REC-VSIT-0385,2025-02-22,2025-02,Vendors,Other,Stationery Area,Medium Carry Bag,0,0,Food takeaway,Yes,No,Medium,Yes,Reused old plastic bag,Reused,4,Awareness poster displayed nearby; student opted out of plastic.
REC-VSIT-0395,2025-02-22,2025-02,Teaching Staff,Teaching Staff,Library Area,Medium Carry Bag,0,0,Document / book carrying,Yes,No,Medium,Yes,Reused old plastic bag,Reused,3,Reused plastic bag brought from home.
REC-VSIT-0149,2025-02-23,2025-02,Vendors,Other,Library Area,Food Packaging Bag,0,0,Beverage container,Yes,No,Medium,No,Reused old plastic bag,Reused,3,Student refused extra plastic bag and used backpack.
REC-VSIT-0354,2025-02-23,2025-02,Non-Teaching Staff,Administrative Staff,Student Activity Area,Food Packaging Bag,0,0,Beverage container,Yes,No,High,Yes,Carried cloth bag,Reused,5,Student refused extra plastic bag and used backpack.
REC-VSIT-0585,2025-02-23,2025-02,Vendors,Other,Nearby Vendor Interaction,Thin Carry Bag,0,0,Stationery purchase,Yes,No,Medium,No,Carried cloth bag,Reused,3,Reused plastic bag brought from home.
REC-VSIT-0630,2025-02-23,2025-02,Students,MSc IT,Administrative Area,Medium Carry Bag,0,0,Event material transport,Yes,No,High,Yes,Reused old plastic bag,Reused,5,Plastic bag discarded in general waste bin.
REC-VSIT-0372,2025-02-24,2025-02,Vendors,Other,Canteen,Thin Carry Bag,1,4.4,Personal item storage,No,Yes,Low,No,None,Recycling Bin,3,Awareness poster displayed nearby; student opted out of plastic.
REC-VSIT-0654,2025-02-24,2025-02,Visitors,Other,Cafeteria,Medium Carry Bag,4,32.5,Personal item storage,No,Yes,Medium,No,None,Recycling Bin,3,Event setup generated bulk plastic packaging waste.
REC-VSIT-0806,2025-02-24,2025-02,Non-Teaching Staff,Administrative Staff,Entrance / Exit,Food Packaging Bag,0,0,Beverage container,Yes,No,Medium,No,Reused old plastic bag,Reused,3,Vendor supplied food in double plastic bag.
REC-VSIT-0808,2025-02-24,2025-02,Non-Teaching Staff,Administrative Staff,Administrative Area,Other,1,7.5,Event material transport,No,Yes,High,Yes,Used paper container,Recycling Bin,4,Event setup generated bulk plastic packaging waste.
REC-VSIT-0861,2025-02-24,2025-02,Teaching Staff,Teaching Staff,Student Activity Area,Food Packaging Bag,1,5,Document / book carrying,Yes,No,High,Yes,Carried cloth bag,Reused,5,Plastic bag discarded in general waste bin.
REC-VSIT-1011,2025-02-24,2025-02,Teaching Staff,Teaching Staff,Stationery Area,Thin Carry Bag,1,4.8,Snack packaging,No,Yes,High,Yes,Refused plastic bag,Dustbin,4,Observed during peak lunch rush hour.
REC-VSIT-0159,2025-02-25,2025-02,Teaching Staff,Teaching Staff,Library Area,Thin Carry Bag,0,0,Food takeaway,Yes,No,High,Yes,Reused old plastic bag,Reused,4,Reused plastic bag brought from home.
REC-VSIT-0409,2025-02-25,2025-02,Vendors,Other,Campus Events,Food Packaging Bag,6,33.6,Beverage container,No,Yes,Low,No,None,Recycling Bin,2,Reused plastic bag brought from home.
REC-VSIT-0430,2025-02-26,2025-02,Non-Teaching Staff,Administrative Staff,Canteen,Thin Carry Bag,4,17.9,Beverage container,No,Yes,Low,No,None,Recycling Bin,3,Stationery purchase wrapped in plastic carry bag.
REC-VSIT-0209,2025-02-27,2025-02,Vendors,Other,Canteen,Food Packaging Bag,1,5.2,Event material transport,No,Yes,Low,No,None,Dustbin,1,Event setup generated bulk plastic packaging waste.
REC-VSIT-0499,2025-02-27,2025-02,Teaching Staff,Teaching Staff,Canteen,Medium Carry Bag,3,25.4,Stationery purchase,No,Yes,Low,No,None,Recycling Bin,2,Awareness poster displayed nearby; student opted out of plastic.
REC-VSIT-0638,2025-02-27,2025-02,Non-Teaching Staff,Administrative Staff,Student Activity Area,Large Carry Bag,0,0,Beverage container,Yes,No,High,Yes,Carried cloth bag,Reused,5,Plastic bag discarded in general waste bin.
REC-VSIT-0306,2025-02-28,2025-02,Visitors,Other,Library Area,Thin Carry Bag,0,0,Stationery purchase,Yes,No,High,Yes,Carried cloth bag,Reused,4,Vendor supplied food in double plastic bag.
REC-VSIT-0055,2025-03-01,2025-03,Visitors,Other,Cafeteria,Thin Carry Bag,1,4.4,Food takeaway,No,No,Low,No,None,Reused,2,Awareness poster displayed nearby; student opted out of plastic.
REC-VSIT-0578,2025-03-01,2025-03,Visitors,Other,Campus Events,Food Packaging Bag,3,18,Vendor supply delivery,No,No,Low,No,None,Reused,3,Stationery purchase wrapped in plastic carry bag.
REC-VSIT-0968,2025-03-01,2025-03,Non-Teaching Staff,Administrative Staff,Cafeteria,Medium Carry Bag,1,8.2,Document / book carrying,Yes,No,High,Yes,Reused old plastic bag,Reused,4,Event setup generated bulk plastic packaging waste.
REC-VSIT-0648,2025-03-02,2025-03,Vendors,Other,Library Area,Medium Carry Bag,0,0,Document / book carrying,Yes,No,Medium,No,Carried cloth bag,Reused,3,Student refused extra plastic bag and used backpack.
REC-VSIT-0082,2025-03-03,2025-03,Vendors,Other,Administrative Area,Large Carry Bag,0,0,Document / book carrying,Yes,No,Medium,No,Carried cloth bag,Reused,3,Vendor supplied food in double plastic bag.
REC-VSIT-0098,2025-03-03,2025-03,Vendors,Other,Other,Other,2,13.9,Snack packaging,No,Yes,Low,No,None,Recycling Bin,2,Reused plastic bag brought from home.
REC-VSIT-0756,2025-03-03,2025-03,Vendors,Other,Cafeteria,Thin Carry Bag,2,9,Personal item storage,No,Yes,High,Yes,Used paper container,Dustbin,4,Event setup generated bulk plastic packaging waste.
REC-VSIT-0765,2025-03-03,2025-03,Non-Teaching Staff,Administrative Staff,Administrative Area,Other,2,12.8,Personal item storage,No,Yes,High,Yes,Refused plastic bag,Recycling Bin,4,Event setup generated bulk plastic packaging waste.
REC-VSIT-0729,2025-03-04,2025-03,Students,BSc IT,Cafeteria,Thin Carry Bag,3,14,Beverage container,No,Yes,Low,No,None,Recycling Bin,1,Stationery purchase wrapped in plastic carry bag.
REC-VSIT-0768,2025-03-04,2025-03,Teaching Staff,Teaching Staff,Cafeteria,Thin Carry Bag,2,9.9,Vendor supply delivery,Yes,No,High,Yes,Reused old plastic bag,Reused,5,Plastic bag discarded in general waste bin.
REC-VSIT-0271,2025-03-05,2025-03,Visitors,Other,Stationery Area,Medium Carry Bag,1,8.7,Event material transport,No,Yes,Medium,No,None,Littered,3,Student refused extra plastic bag and used backpack.
REC-VSIT-0036,2025-03-06,2025-03,Teaching Staff,Teaching Staff,Campus Events,Large Carry Bag,6,91.5,Personal item storage,No,Yes,Low,No,None,Reused,3,Vendor supplied food in double plastic bag.
REC-VSIT-0333,2025-03-06,2025-03,Visitors,Other,Nearby Vendor Interaction,Other,3,19.1,Stationery purchase,No,No,Medium,No,None,Recycling Bin,4,Staff member carried reusable canvas tote bag.
REC-VSIT-0336,2025-03-06,2025-03,Visitors,Other,Cafeteria,Food Packaging Bag,1,5,Personal item storage,No,No,High,Yes,None,Dustbin,5,Staff member carried reusable canvas tote bag.
REC-VSIT-0507,2025-03-06,2025-03,Students,BSc CS,Administrative Area,Shopping Bag,2,21.7,Food takeaway,No,Yes,Medium,Yes,Used paper container,Dustbin,3,Event setup generated bulk plastic packaging waste.
REC-VSIT-0619,2025-03-06,2025-03,Non-Teaching Staff,Administrative Staff,Canteen,Thin Carry Bag,4,18.6,Stationery purchase,No,Yes,Low,No,None,Recycling Bin,2,Single snack item packed in thin polythene.
REC-VSIT-0816,2025-03-06,2025-03,Students,BCA,Nearby Vendor Interaction,Medium Carry Bag,4,33.6,Food takeaway,No,Yes,Low,No,None,Reused,2,Plastic bag discarded in general waste bin.
REC-VSIT-0866,2025-03-06,2025-03,Non-Teaching Staff,Administrative Staff,Canteen,Medium Carry Bag,2,16.5,Beverage container,No,Yes,Medium,No,None,Recycling Bin,3,Observed during peak lunch rush hour.
REC-VSIT-0097,2025-03-07,2025-03,Students,MSc IT,Entrance / Exit,Food Packaging Bag,1,5.8,Snack packaging,No,No,Medium,Yes,None,Recycling Bin,3,Awareness poster displayed nearby; student opted out of plastic.
REC-VSIT-0490,2025-03-07,2025-03,Non-Teaching Staff,Administrative Staff,Nearby Vendor Interaction,Thin Carry Bag,1,4.5,Event material transport,Yes,No,Medium,Yes,Carried cloth bag,Reused,4,Staff member carried reusable canvas tote bag.
REC-VSIT-0993,2025-03-07,2025-03,Visitors,Other,Library Area,Shopping Bag,1,10.9,Stationery purchase,No,Yes,High,Yes,Used paper container,Recycling Bin,4,Stationery purchase wrapped in plastic carry bag.
REC-VSIT-1036,2025-03-07,2025-03,Teaching Staff,Teaching Staff,Cafeteria,Medium Carry Bag,2,16.1,Event material transport,Yes,No,Medium,No,Reused old plastic bag,Reused,3,Staff member carried reusable canvas tote bag.
REC-VSIT-0973,2025-03-08,2025-03,Teaching Staff,Teaching Staff,Library Area,Other,1,7.1,Document / book carrying,No,Yes,High,Yes,Refused plastic bag,Reused,4,Event setup generated bulk plastic packaging waste.
REC-VSIT-0126,2025-03-09,2025-03,Visitors,Other,Entrance / Exit,Other,0,0,Stationery purchase,Yes,No,Medium,Yes,Reused old plastic bag,Reused,3,Vendor supplied food in double plastic bag.
REC-VSIT-0440,2025-03-09,2025-03,Students,BSc IT,Administrative Area,Other,0,0,Stationery purchase,Yes,No,High,Yes,Reused old plastic bag,Reused,4,Reused plastic bag brought from home.
REC-VSIT-0535,2025-03-09,2025-03,Non-Teaching Staff,Administrative Staff,Canteen,Medium Carry Bag,3,23.4,Document / book carrying,No,Yes,Low,No,None,Dustbin,2,Reused plastic bag brought from home.
REC-VSIT-0798,2025-03-09,2025-03,Non-Teaching Staff,Administrative Staff,Library Area,Other,2,15.1,Food takeaway,No,Yes,High,Yes,Refused plastic bag,Recycling Bin,4,Stationery purchase wrapped in plastic carry bag.
REC-VSIT-0249,2025-03-10,2025-03,Vendors,Other,Canteen,Medium Carry Bag,4,29.5,Document / book carrying,No,No,Medium,No,None,Recycling Bin,4,Staff member carried reusable canvas tote bag.
REC-VSIT-0257,2025-03-10,2025-03,Non-Teaching Staff,Administrative Staff,Other,Medium Carry Bag,1,8,Vendor supply delivery,No,No,Medium,No,None,Dustbin,4,Vendor supplied food in double plastic bag.
REC-VSIT-0655,2025-03-10,2025-03,Students,BCA,Library Area,Shopping Bag,0,0,Vendor supply delivery,Yes,No,High,Yes,Carried cloth bag,Reused,5,Student refused extra plastic bag and used backpack.
REC-VSIT-0864,2025-03-10,2025-03,Teaching Staff,Teaching Staff,Canteen,Food Packaging Bag,0,0,Snack packaging,Yes,No,High,Yes,Reused old plastic bag,Reused,5,Stationery purchase wrapped in plastic carry bag.
REC-VSIT-0553,2025-03-11,2025-03,Vendors,Other,Canteen,Medium Carry Bag,1,8,Document / book carrying,No,No,Low,No,None,Dustbin,1,Stationery purchase wrapped in plastic carry bag.
REC-VSIT-0461,2025-03-12,2025-03,Students,MSc IT,Administrative Area,Shopping Bag,1,12.6,Vendor supply delivery,No,Yes,Medium,Yes,Refused plastic bag,Dustbin,4,Stationery purchase wrapped in plastic carry bag.
REC-VSIT-0489,2025-03-12,2025-03,Teaching Staff,Teaching Staff,Campus Events,Food Packaging Bag,3,15.2,Beverage container,Yes,No,High,Yes,Reused old plastic bag,Reused,5,Awareness poster displayed nearby; student opted out of plastic.
REC-VSIT-0893,2025-03-12,2025-03,Teaching Staff,Teaching Staff,Cafeteria,Food Packaging Bag,2,10.7,Stationery purchase,No,Yes,Low,No,None,Reused,2,Plastic bag discarded in general waste bin.
REC-VSIT-1017,2025-03-12,2025-03,Vendors,Other,Library Area,Shopping Bag,0,0,Food takeaway,Yes,No,High,Yes,Carried cloth bag,Reused,5,Stationery purchase wrapped in plastic carry bag.
REC-VSIT-0273,2025-03-13,2025-03,Non-Teaching Staff,Administrative Staff,Nearby Vendor Interaction,Other,0,0,Personal item storage,Yes,No,High,Yes,Carried cloth bag,Reused,4,Observed during peak lunch rush hour.
REC-VSIT-0642,2025-03-13,2025-03,Vendors,Other,Stationery Area,Medium Carry Bag,2,17.6,Personal item storage,No,No,Low,No,None,Reused,2,Student refused extra plastic bag and used backpack.
REC-VSIT-0684,2025-03-13,2025-03,Vendors,Other,Other,Thin Carry Bag,2,9.6,Snack packaging,No,Yes,Low,No,None,Reused,1,Stationery purchase wrapped in plastic carry bag.
REC-VSIT-0771,2025-03-13,2025-03,Teaching Staff,Teaching Staff,Library Area,Food Packaging Bag,2,12,Food takeaway,No,Yes,High,Yes,Refused plastic bag,Littered,4,Reused plastic bag brought from home.
REC-VSIT-0403,2025-03-14,2025-03,Students,MSc IT,Stationery Area,Shopping Bag,2,24.9,Personal item storage,No,Yes,High,Yes,Used paper container,Dustbin,5,Event setup generated bulk plastic packaging waste.
REC-VSIT-0276,2025-03-15,2025-03,Visitors,Other,Other,Large Carry Bag,2,28.7,Beverage container,No,No,Medium,No,None,Littered,3,Single snack item packed in thin polythene.
REC-VSIT-0837,2025-03-15,2025-03,Students,BSc IT,Cafeteria,Thin Carry Bag,3,12.4,Vendor supply delivery,No,Yes,Medium,No,None,Recycling Bin,3,Staff member carried reusable canvas tote bag.
REC-VSIT-0282,2025-03-16,2025-03,Vendors,Other,Other,Food Packaging Bag,2,10.3,Personal item storage,No,Yes,Low,No,None,Dustbin,1,Plastic bag discarded in general waste bin.
REC-VSIT-0555,2025-03-16,2025-03,Students,MSc IT,Student Activity Area,Medium Carry Bag,1,7.2,Food takeaway,No,Yes,Medium,Yes,Refused plastic bag,Littered,4,Single snack item packed in thin polythene.
REC-VSIT-0855,2025-03-16,2025-03,Students,BSc CS,Other,Shopping Bag,1,12.8,Stationery purchase,No,Yes,Low,No,None,Littered,1,Staff member carried reusable canvas tote bag.
REC-VSIT-0198,2025-03-17,2025-03,Teaching Staff,Teaching Staff,Student Activity Area,Other,0,0,Personal item storage,Yes,No,High,Yes,Reused old plastic bag,Reused,5,Single snack item packed in thin polythene.
REC-VSIT-0342,2025-03-17,2025-03,Students,BSc CS,Entrance / Exit,Large Carry Bag,1,14.2,Vendor supply delivery,No,Yes,Medium,No,None,Reused,4,Single snack item packed in thin polythene.
REC-VSIT-0368,2025-03-17,2025-03,Non-Teaching Staff,Administrative Staff,Entrance / Exit,Medium Carry Bag,2,16.6,Vendor supply delivery,No,Yes,Low,No,None,Littered,3,Awareness poster displayed nearby; student opted out of plastic.
REC-VSIT-0525,2025-03-17,2025-03,Visitors,Other,Other,Shopping Bag,2,21.8,Stationery purchase,No,Yes,Medium,No,None,Recycling Bin,3,Reused plastic bag brought from home.
REC-VSIT-0594,2025-03-17,2025-03,Non-Teaching Staff,Administrative Staff,Nearby Vendor Interaction,Food Packaging Bag,0,0,Food takeaway,Yes,No,High,Yes,Carried cloth bag,Reused,4,Stationery purchase wrapped in plastic carry bag.
REC-VSIT-0696,2025-03-17,2025-03,Vendors,Other,Nearby Vendor Interaction,Shopping Bag,2,22.7,Food takeaway,No,No,Medium,No,None,Reused,4,Reused plastic bag brought from home.
REC-VSIT-0102,2025-03-18,2025-03,Students,BSc IT,Nearby Vendor Interaction,Shopping Bag,0,0,Document / book carrying,Yes,No,Medium,No,Carried cloth bag,Reused,4,Plastic bag discarded in general waste bin.
REC-VSIT-0327,2025-03-18,2025-03,Non-Teaching Staff,Administrative Staff,Campus Events,Food Packaging Bag,4,20,Stationery purchase,No,Yes,Low,No,None,Dustbin,3,Reused plastic bag brought from home.
REC-VSIT-0443,2025-03-18,2025-03,Vendors,Other,Library Area,Medium Carry Bag,2,16.6,Event material transport,No,No,High,Yes,None,Reused,5,Vendor supplied food in double plastic bag.
REC-VSIT-0878,2025-03-18,2025-03,Non-Teaching Staff,Administrative Staff,Entrance / Exit,Thin Carry Bag,1,4.2,Personal item storage,No,Yes,Low,No,None,Dustbin,2,Event setup generated bulk plastic packaging waste.
REC-VSIT-0380,2025-03-19,2025-03,Students,BSc CS,Cafeteria,Medium Carry Bag,1,8.6,Personal item storage,Yes,No,High,Yes,Reused old plastic bag,Reused,4,Reused plastic bag brought from home.
REC-VSIT-0391,2025-03-20,2025-03,Students,BCA,Canteen,Medium Carry Bag,1,8.2,Vendor supply delivery,No,Yes,Low,No,None,Recycling Bin,3,Observed during peak lunch rush hour.
REC-VSIT-0378,2025-03-21,2025-03,Vendors,Other,Nearby Vendor Interaction,Medium Carry Bag,1,7.5,Vendor supply delivery,Yes,No,Medium,No,Carried cloth bag,Reused,4,Awareness poster displayed nearby; student opted out of plastic.
REC-VSIT-0513,2025-03-21,2025-03,Teaching Staff,Teaching Staff,Canteen,Medium Carry Bag,2,17.1,Stationery purchase,Yes,No,High,Yes,Carried cloth bag,Reused,5,Stationery purchase wrapped in plastic carry bag.
REC-VSIT-0774,2025-03-21,2025-03,Visitors,Other,Library Area,Other,2,14,Personal item storage,No,Yes,Medium,No,None,Recycling Bin,3,Student refused extra plastic bag and used backpack.
REC-VSIT-0079,2025-03-22,2025-03,Teaching Staff,Teaching Staff,Administrative Area,Medium Carry Bag,2,15.5,Food takeaway,No,Yes,Low,No,None,Dustbin,2,Observed during peak lunch rush hour.
REC-VSIT-0357,2025-03-22,2025-03,Vendors,Other,Stationery Area,Thin Carry Bag,2,8.6,Personal item storage,Yes,No,High,Yes,Reused old plastic bag,Reused,4,Awareness poster displayed nearby; student opted out of plastic.
REC-VSIT-0462,2025-03-22,2025-03,Teaching Staff,Teaching Staff,Other,Other,2,14.7,Document / book carrying,No,No,Low,No,None,Littered,1,Event setup generated bulk plastic packaging waste.
REC-VSIT-0467,2025-03-22,2025-03,Non-Teaching Staff,Administrative Staff,Stationery Area,Shopping Bag,0,0,Document / book carrying,Yes,No,High,Yes,Reused old plastic bag,Reused,4,Vendor supplied food in double plastic bag.
REC-VSIT-0054,2025-03-23,2025-03,Non-Teaching Staff,Administrative Staff,Administrative Area,Other,1,6.6,Personal item storage,No,No,High,Yes,None,Dustbin,4,Student refused extra plastic bag and used backpack.
REC-VSIT-0135,2025-03-23,2025-03,Non-Teaching Staff,Administrative Staff,Other,Thin Carry Bag,1,4.4,Snack packaging,Yes,No,High,Yes,Carried cloth bag,Reused,5,Observed during peak lunch rush hour.
REC-VSIT-0203,2025-03-23,2025-03,Visitors,Other,Cafeteria,Medium Carry Bag,2,16.5,Stationery purchase,Yes,No,High,Yes,Reused old plastic bag,Reused,4,Reused plastic bag brought from home.
REC-VSIT-0295,2025-03-24,2025-03,Visitors,Other,Administrative Area,Food Packaging Bag,2,10.8,Stationery purchase,No,Yes,High,Yes,Refused plastic bag,Recycling Bin,5,Reused plastic bag brought from home.
REC-VSIT-0382,2025-03-24,2025-03,Vendors,Other,Student Activity Area,Large Carry Bag,2,30.2,Beverage container,Yes,No,High,Yes,Reused old plastic bag,Reused,5,Awareness poster displayed nearby; student opted out of plastic.
REC-VSIT-0501,2025-03-24,2025-03,Visitors,Other,Administrative Area,Medium Carry Bag,2,17.5,Document / book carrying,No,No,High,Yes,None,Recycling Bin,5,Student refused extra plastic bag and used backpack.
REC-VSIT-0901,2025-03-24,2025-03,Visitors,Other,Campus Events,Large Carry Bag,3,40,Document / book carrying,No,Yes,Low,No,None,Littered,3,Staff member carried reusable canvas tote bag.
REC-VSIT-0297,2025-03-25,2025-03,Students,BSc IT,Library Area,Shopping Bag,1,11.1,Food takeaway,No,Yes,Low,No,None,Reused,3,Event setup generated bulk plastic packaging waste.
REC-VSIT-0980,2025-03-25,2025-03,Non-Teaching Staff,Administrative Staff,Student Activity Area,Thin Carry Bag,3,14.3,Beverage container,No,Yes,Medium,Yes,Used paper container,Recycling Bin,3,Vendor supplied food in double plastic bag.
REC-VSIT-0052,2025-03-27,2025-03,Non-Teaching Staff,Administrative Staff,Administrative Area,Other,2,13.8,Event material transport,No,Yes,Medium,No,None,Recycling Bin,4,Reused plastic bag brought from home.
REC-VSIT-0242,2025-03-27,2025-03,Teaching Staff,Teaching Staff,Cafeteria,Medium Carry Bag,1,8.2,Beverage container,No,No,Low,No,None,Dustbin,3,Plastic bag discarded in general waste bin.
REC-VSIT-0359,2025-03-27,2025-03,Non-Teaching Staff,Administrative Staff,Other,Other,2,13.5,Snack packaging,No,No,Medium,Yes,None,Recycling Bin,4,Reused plastic bag brought from home.
REC-VSIT-0483,2025-03-27,2025-03,Visitors,Other,Canteen,Food Packaging Bag,3,16,Personal item storage,No,Yes,Low,No,None,Dustbin,1,Event setup generated bulk plastic packaging waste.
REC-VSIT-0896,2025-03-27,2025-03,Vendors,Other,Student Activity Area,Thin Carry Bag,2,8.5,Beverage container,No,Yes,Medium,Yes,Used paper container,Dustbin,4,Reused plastic bag brought from home.
REC-VSIT-0571,2025-03-28,2025-03,Students,MSc IT,Campus Events,Food Packaging Bag,6,32.5,Snack packaging,No,No,Low,No,None,Littered,1,Vendor supplied food in double plastic bag.
REC-VSIT-0672,2025-03-28,2025-03,Vendors,Other,Campus Events,Large Carry Bag,5,72.6,Event material transport,Yes,No,Medium,No,Reused old plastic bag,Reused,3,Vendor supplied food in double plastic bag.
REC-VSIT-0057,2025-03-29,2025-03,Teaching Staff,Teaching Staff,Campus Events,Food Packaging Bag,3,17.1,Snack packaging,No,Yes,Low,No,None,Littered,1,Student refused extra plastic bag and used backpack.
REC-VSIT-0320,2025-03-31,2025-03,Vendors,Other,Student Activity Area,Medium Carry Bag,1,8.5,Snack packaging,No,No,Low,No,None,Dustbin,3,Stationery purchase wrapped in plastic carry bag.
REC-VSIT-0389,2025-03-31,2025-03,Visitors,Other,Campus Events,Medium Carry Bag,3,22.2,Snack packaging,No,Yes,High,Yes,Used paper container,Reused,5,Awareness poster displayed nearby; student opted out of plastic.
REC-VSIT-0826,2025-04-01,2025-04,Non-Teaching Staff,Administrative Staff,Stationery Area,Shopping Bag,3,38.9,Personal item storage,No,Yes,Medium,Yes,Refused plastic bag,Recycling Bin,4,Reused plastic bag brought from home.
REC-VSIT-1002,2025-04-01,2025-04,Vendors,Other,Administrative Area,Large Carry Bag,1,14.1,Document / book carrying,No,Yes,Low,No,None,Recycling Bin,3,Vendor supplied food in double plastic bag.
REC-VSIT-0346,2025-04-02,2025-04,Teaching Staff,Teaching Staff,Administrative Area,Medium Carry Bag,1,8.6,Snack packaging,No,Yes,Medium,No,None,Dustbin,3,Stationery purchase wrapped in plastic carry bag.
REC-VSIT-0584,2025-04-02,2025-04,Vendors,Other,Entrance / Exit,Shopping Bag,0,0,Event material transport,Yes,No,High,Yes,Reused old plastic bag,Reused,4,Event setup generated bulk plastic packaging waste.
REC-VSIT-1019,2025-04-02,2025-04,Visitors,Other,Stationery Area,Shopping Bag,1,12.4,Stationery purchase,Yes,No,High,Yes,Reused old plastic bag,Reused,4,Stationery purchase wrapped in plastic carry bag.
REC-VSIT-0015,2025-04-03,2025-04,Teaching Staff,Teaching Staff,Student Activity Area,Shopping Bag,0,0,Stationery purchase,Yes,No,Medium,No,Carried cloth bag,Reused,3,Single snack item packed in thin polythene.
REC-VSIT-0418,2025-04-03,2025-04,Vendors,Other,Entrance / Exit,Medium Carry Bag,0,0,Document / book carrying,Yes,No,High,Yes,Reused old plastic bag,Reused,4,Plastic bag discarded in general waste bin.
REC-VSIT-0459,2025-04-03,2025-04,Vendors,Other,Other,Thin Carry Bag,2,9.9,Event material transport,No,Yes,Medium,Yes,Refused plastic bag,Littered,3,Single snack item packed in thin polythene.
REC-VSIT-0586,2025-04-03,2025-04,Students,MSc IT,Cafeteria,Food Packaging Bag,2,12,Vendor supply delivery,No,No,Low,No,None,Dustbin,3,Single snack item packed in thin polythene.
REC-VSIT-0731,2025-04-03,2025-04,Students,BSc IT,Administrative Area,Large Carry Bag,1,14.2,Beverage container,Yes,No,High,Yes,Carried cloth bag,Reused,4,Student refused extra plastic bag and used backpack.
REC-VSIT-0502,2025-04-04,2025-04,Students,MSc IT,Administrative Area,Shopping Bag,1,11.8,Personal item storage,Yes,No,Medium,No,Reused old plastic bag,Reused,3,Stationery purchase wrapped in plastic carry bag.
REC-VSIT-1004,2025-04-04,2025-04,Vendors,Other,Library Area,Food Packaging Bag,0,0,Personal item storage,Yes,No,High,Yes,Reused old plastic bag,Reused,4,Reused plastic bag brought from home.
REC-VSIT-0970,2025-04-05,2025-04,Teaching Staff,Teaching Staff,Canteen,Food Packaging Bag,0,0,Personal item storage,Yes,No,High,Yes,Reused old plastic bag,Reused,5,Plastic bag discarded in general waste bin.
REC-VSIT-1012,2025-04-05,2025-04,Teaching Staff,Teaching Staff,Nearby Vendor Interaction,Large Carry Bag,4,55,Document / book carrying,No,Yes,Low,No,None,Littered,2,Observed during peak lunch rush hour.
REC-VSIT-0010,2025-04-06,2025-04,Vendors,Other,Campus Events,Large Carry Bag,6,91.8,Stationery purchase,No,Yes,Low,No,None,Littered,2,Plastic bag discarded in general waste bin.
REC-VSIT-0601,2025-04-06,2025-04,Non-Teaching Staff,Administrative Staff,Student Activity Area,Shopping Bag,3,35.6,Beverage container,No,Yes,High,Yes,Refused plastic bag,Dustbin,5,Plastic bag discarded in general waste bin.
REC-VSIT-0945,2025-04-06,2025-04,Students,MSc IT,Nearby Vendor Interaction,Thin Carry Bag,2,9.1,Vendor supply delivery,Yes,No,High,Yes,Carried cloth bag,Reused,4,Awareness poster displayed nearby; student opted out of plastic.
REC-VSIT-0620,2025-04-07,2025-04,Visitors,Other,Entrance / Exit,Large Carry Bag,1,13.9,Beverage container,No,No,Low,No,None,Dustbin,3,Plastic bag discarded in general waste bin.
REC-VSIT-1048,2025-04-07,2025-04,Visitors,Other,Nearby Vendor Interaction,Other,3,21.6,Stationery purchase,No,Yes,Low,No,None,Recycling Bin,3,Student refused extra plastic bag and used backpack.
REC-VSIT-0019,2025-04-08,2025-04,Teaching Staff,Teaching Staff,Cafeteria,Thin Carry Bag,4,18.7,Vendor supply delivery,No,Yes,Low,No,None,Recycling Bin,1,Student refused extra plastic bag and used backpack.
REC-VSIT-0183,2025-04-08,2025-04,Teaching Staff,Teaching Staff,Library Area,Thin Carry Bag,0,0,Food takeaway,Yes,No,Medium,No,Reused old plastic bag,Reused,4,Plastic bag discarded in general waste bin.
REC-VSIT-0690,2025-04-08,2025-04,Vendors,Other,Administrative Area,Food Packaging Bag,2,10.5,Document / book carrying,No,Yes,Medium,No,None,Dustbin,4,Student refused extra plastic bag and used backpack.
REC-VSIT-0865,2025-04-08,2025-04,Vendors,Other,Cafeteria,Thin Carry Bag,0,0,Stationery purchase,Yes,No,High,Yes,Reused old plastic bag,Reused,5,Single snack item packed in thin polythene.
REC-VSIT-1043,2025-04-08,2025-04,Teaching Staff,Teaching Staff,Library Area,Food Packaging Bag,1,5,Beverage container,Yes,No,High,Yes,Reused old plastic bag,Reused,4,Stationery purchase wrapped in plastic carry bag.
REC-VSIT-0505,2025-04-09,2025-04,Visitors,Other,Entrance / Exit,Food Packaging Bag,0,0,Personal item storage,Yes,No,High,Yes,Carried cloth bag,Reused,5,Student refused extra plastic bag and used backpack.
REC-VSIT-0568,2025-04-09,2025-04,Non-Teaching Staff,Administrative Staff,Administrative Area,Large Carry Bag,1,13.7,Snack packaging,Yes,No,High,Yes,Reused old plastic bag,Reused,5,Event setup generated bulk plastic packaging waste.
REC-VSIT-0911,2025-04-10,2025-04,Teaching Staff,Teaching Staff,Stationery Area,Shopping Bag,2,25.5,Snack packaging,No,Yes,Medium,No,None,Dustbin,4,Stationery purchase wrapped in plastic carry bag.
REC-VSIT-0222,2025-04-11,2025-04,Non-Teaching Staff,Administrative Staff,Student Activity Area,Shopping Bag,3,34.9,Stationery purchase,No,Yes,Medium,Yes,Refused plastic bag,Reused,4,Reused plastic bag brought from home.
REC-VSIT-0464,2025-04-11,2025-04,Students,BSc CS,Other,Food Packaging Bag,1,5.7,Event material transport,No,Yes,High,Yes,Refused plastic bag,Dustbin,5,Reused plastic bag brought from home.
REC-VSIT-0537,2025-04-11,2025-04,Students,BSc IT,Canteen,Thin Carry Bag,2,8.9,Document / book carrying,Yes,No,High,Yes,Reused old plastic bag,Reused,4,Single snack item packed in thin polythene.
REC-VSIT-0581,2025-04-11,2025-04,Teaching Staff,Teaching Staff,Cafeteria,Medium Carry Bag,3,23.7,Event material transport,No,No,Medium,Yes,None,Recycling Bin,3,Student refused extra plastic bag and used backpack.
REC-VSIT-0651,2025-04-11,2025-04,Visitors,Other,Campus Events,Large Carry Bag,4,55.5,Beverage container,No,Yes,Medium,Yes,Used paper container,Reused,4,Stationery purchase wrapped in plastic carry bag.
REC-VSIT-0819,2025-04-11,2025-04,Vendors,Other,Stationery Area,Shopping Bag,2,23.9,Stationery purchase,Yes,No,Medium,Yes,Reused old plastic bag,Reused,3,Reused plastic bag brought from home.
REC-VSIT-1039,2025-04-11,2025-04,Teaching Staff,Teaching Staff,Student Activity Area,Medium Carry Bag,1,8.1,Personal item storage,No,Yes,High,Yes,Used paper container,Dustbin,5,Plastic bag discarded in general waste bin.
REC-VSIT-0373,2025-04-12,2025-04,Visitors,Other,Canteen,Food Packaging Bag,1,5.8,Snack packaging,Yes,No,Medium,No,Reused old plastic bag,Reused,4,Staff member carried reusable canvas tote bag.
REC-VSIT-0437,2025-04-12,2025-04,Teaching Staff,Teaching Staff,Nearby Vendor Interaction,Thin Carry Bag,4,17.1,Personal item storage,No,Yes,Medium,Yes,Used paper container,Littered,4,Vendor supplied food in double plastic bag.
REC-VSIT-1042,2025-04-12,2025-04,Vendors,Other,Other,Thin Carry Bag,1,4.4,Document / book carrying,Yes,No,High,Yes,Reused old plastic bag,Reused,5,Stationery purchase wrapped in plastic carry bag.
REC-VSIT-0033,2025-04-13,2025-04,Teaching Staff,Teaching Staff,Student Activity Area,Thin Carry Bag,0,0,Beverage container,Yes,No,High,Yes,Carried cloth bag,Reused,4,Stationery purchase wrapped in plastic carry bag.
REC-VSIT-0181,2025-04-13,2025-04,Visitors,Other,Student Activity Area,Large Carry Bag,1,15.9,Food takeaway,Yes,No,Medium,Yes,Carried cloth bag,Reused,4,Reused plastic bag brought from home.
REC-VSIT-0524,2025-04-13,2025-04,Non-Teaching Staff,Administrative Staff,Other,Medium Carry Bag,2,16.8,Snack packaging,No,Yes,Low,No,None,Dustbin,3,Event setup generated bulk plastic packaging waste.
REC-VSIT-0633,2025-04-13,2025-04,Vendors,Other,Other,Thin Carry Bag,0,0,Beverage container,Yes,No,Medium,No,Reused old plastic bag,Reused,4,Observed during peak lunch rush hour.
REC-VSIT-0742,2025-04-13,2025-04,Non-Teaching Staff,Administrative Staff,Nearby Vendor Interaction,Thin Carry Bag,0,0,Document / book carrying,Yes,No,Medium,No,Reused old plastic bag,Reused,3,Student refused extra plastic bag and used backpack.
REC-VSIT-0037,2025-04-14,2025-04,Students,BSc IT,Library Area,Food Packaging Bag,1,5.8,Document / book carrying,No,No,Medium,Yes,None,Recycling Bin,4,Stationery purchase wrapped in plastic carry bag.
REC-VSIT-0165,2025-04-14,2025-04,Students,BCA,Canteen,Food Packaging Bag,3,15.4,Event material transport,No,No,Low,No,None,Dustbin,1,Stationery purchase wrapped in plastic carry bag.
REC-VSIT-0168,2025-04-14,2025-04,Visitors,Other,Other,Other,0,0,Personal item storage,Yes,No,Medium,Yes,Reused old plastic bag,Reused,3,Plastic bag discarded in general waste bin.
REC-VSIT-0205,2025-04-14,2025-04,Teaching Staff,Teaching Staff,Entrance / Exit,Medium Carry Bag,1,7.8,Vendor supply delivery,No,Yes,High,Yes,Refused plastic bag,Reused,5,Observed during peak lunch rush hour.
REC-VSIT-0415,2025-04-14,2025-04,Non-Teaching Staff,Administrative Staff,Campus Events,Food Packaging Bag,5,26.6,Event material transport,No,Yes,Medium,Yes,Refused plastic bag,Littered,3,Observed during peak lunch rush hour.
REC-VSIT-0536,2025-04-14,2025-04,Teaching Staff,Teaching Staff,Student Activity Area,Thin Carry Bag,1,4.4,Vendor supply delivery,Yes,No,High,Yes,Reused old plastic bag,Reused,5,Staff member carried reusable canvas tote bag.
REC-VSIT-0761,2025-04-14,2025-04,Teaching Staff,Teaching Staff,Administrative Area,Food Packaging Bag,1,5.8,Vendor supply delivery,No,Yes,Low,No,None,Dustbin,2,Observed during peak lunch rush hour.
REC-VSIT-0417,2025-04-15,2025-04,Non-Teaching Staff,Administrative Staff,Nearby Vendor Interaction,Thin Carry Bag,3,12.4,Personal item storage,No,Yes,Low,No,None,Recycling Bin,1,Observed during peak lunch rush hour.
REC-VSIT-0936,2025-04-16,2025-04,Teaching Staff,Teaching Staff,Administrative Area,Large Carry Bag,2,26.6,Personal item storage,No,Yes,Medium,No,None,Recycling Bin,4,Student refused extra plastic bag and used backpack.
REC-VSIT-0218,2025-04-17,2025-04,Students,BSc CS,Other,Other,1,6.5,Stationery purchase,No,Yes,Medium,Yes,Used paper container,Reused,4,Student refused extra plastic bag and used backpack.
REC-VSIT-0394,2025-04-17,2025-04,Teaching Staff,Teaching Staff,Campus Events,Food Packaging Bag,5,28.4,Event material transport,Yes,No,Medium,No,Carried cloth bag,Reused,4,Plastic bag discarded in general waste bin.
REC-VSIT-0021,2025-04-18,2025-04,Visitors,Other,Administrative Area,Food Packaging Bag,1,6,Beverage container,Yes,No,Medium,Yes,Reused old plastic bag,Reused,3,Event setup generated bulk plastic packaging waste.
REC-VSIT-0130,2025-04-18,2025-04,Students,BSc IT,Stationery Area,Shopping Bag,0,0,Personal item storage,Yes,No,Medium,Yes,Carried cloth bag,Reused,3,Event setup generated bulk plastic packaging waste.
REC-VSIT-0143,2025-04-18,2025-04,Visitors,Other,Cafeteria,Food Packaging Bag,1,5.3,Snack packaging,No,Yes,Medium,Yes,Refused plastic bag,Reused,4,Single snack item packed in thin polythene.
REC-VSIT-1029,2025-04-18,2025-04,Visitors,Other,Stationery Area,Thin Carry Bag,2,8.6,Beverage container,Yes,No,Medium,No,Reused old plastic bag,Reused,3,Vendor supplied food in double plastic bag.
REC-VSIT-0048,2025-04-19,2025-04,Teaching Staff,Teaching Staff,Entrance / Exit,Medium Carry Bag,2,17.2,Document / book carrying,No,Yes,High,Yes,Refused plastic bag,Dustbin,4,Reused plastic bag brought from home.
REC-VSIT-0094,2025-04-19,2025-04,Vendors,Other,Stationery Area,Thin Carry Bag,2,8.5,Food takeaway,No,Yes,Low,No,None,Littered,1,Stationery purchase wrapped in plastic carry bag.
REC-VSIT-0175,2025-04-19,2025-04,Teaching Staff,Teaching Staff,Other,Food Packaging Bag,2,11.2,Food takeaway,No,No,High,Yes,None,Dustbin,5,Single snack item packed in thin polythene.
REC-VSIT-0639,2025-04-19,2025-04,Vendors,Other,Campus Events,Large Carry Bag,3,40.7,Personal item storage,No,Yes,Low,No,None,Dustbin,1,Plastic bag discarded in general waste bin.
REC-VSIT-0769,2025-04-19,2025-04,Visitors,Other,Nearby Vendor Interaction,Shopping Bag,3,32.5,Snack packaging,No,Yes,Medium,No,None,Reused,4,Plastic bag discarded in general waste bin.
REC-VSIT-0567,2025-04-20,2025-04,Teaching Staff,Teaching Staff,Canteen,Medium Carry Bag,3,23.5,Food takeaway,No,No,Low,No,None,Recycling Bin,2,Stationery purchase wrapped in plastic carry bag.
REC-VSIT-0697,2025-04-20,2025-04,Teaching Staff,Teaching Staff,Cafeteria,Medium Carry Bag,3,22.6,Snack packaging,No,No,High,Yes,None,Dustbin,4,Single snack item packed in thin polythene.
REC-VSIT-0014,2025-04-21,2025-04,Visitors,Other,Administrative Area,Shopping Bag,2,25.3,Document / book carrying,No,Yes,Low,No,None,Dustbin,3,Event setup generated bulk plastic packaging waste.
REC-VSIT-0105,2025-04-21,2025-04,Vendors,Other,Stationery Area,Thin Carry Bag,1,4.7,Personal item storage,Yes,No,High,Yes,Carried cloth bag,Reused,4,Staff member carried reusable canvas tote bag.
REC-VSIT-0610,2025-04-21,2025-04,Non-Teaching Staff,Administrative Staff,Canteen,Food Packaging Bag,4,23.9,Stationery purchase,No,Yes,High,Yes,Used paper container,Dustbin,4,Single snack item packed in thin polythene.
REC-VSIT-0899,2025-04-21,2025-04,Vendors,Other,Campus Events,Large Carry Bag,9,118.5,Stationery purchase,Yes,No,Medium,No,Reused old plastic bag,Reused,3,Student refused extra plastic bag and used backpack.
REC-VSIT-0233,2025-04-22,2025-04,Vendors,Other,Canteen,Food Packaging Bag,2,10.9,Food takeaway,Yes,No,High,Yes,Reused old plastic bag,Reused,4,Plastic bag discarded in general waste bin.
REC-VSIT-0955,2025-04-22,2025-04,Visitors,Other,Stationery Area,Thin Carry Bag,0,0,Stationery purchase,Yes,No,High,Yes,Reused old plastic bag,Reused,4,Vendor supplied food in double plastic bag.
REC-VSIT-0647,2025-04-23,2025-04,Visitors,Other,Canteen,Food Packaging Bag,0,0,Event material transport,Yes,No,High,Yes,Carried cloth bag,Reused,5,Observed during peak lunch rush hour.
REC-VSIT-0880,2025-04-23,2025-04,Visitors,Other,Canteen,Thin Carry Bag,1,4.8,Vendor supply delivery,Yes,No,High,Yes,Reused old plastic bag,Reused,5,Student refused extra plastic bag and used backpack.
REC-VSIT-0035,2025-04-25,2025-04,Teaching Staff,Teaching Staff,Stationery Area,Thin Carry Bag,2,8.5,Snack packaging,No,Yes,High,Yes,Refused plastic bag,Reused,5,Stationery purchase wrapped in plastic carry bag.
REC-VSIT-0174,2025-04-25,2025-04,Visitors,Other,Other,Medium Carry Bag,1,8,Personal item storage,Yes,No,Medium,No,Carried cloth bag,Reused,3,Stationery purchase wrapped in plastic carry bag.
REC-VSIT-0204,2025-04-25,2025-04,Teaching Staff,Teaching Staff,Cafeteria,Food Packaging Bag,2,11.8,Food takeaway,No,Yes,Medium,No,None,Dustbin,4,Staff member carried reusable canvas tote bag.
REC-VSIT-0377,2025-04-25,2025-04,Vendors,Other,Nearby Vendor Interaction,Shopping Bag,4,43.6,Stationery purchase,No,Yes,Medium,Yes,Refused plastic bag,Recycling Bin,3,Observed during peak lunch rush hour.
REC-VSIT-0616,2025-04-25,2025-04,Teaching Staff,Teaching Staff,Campus Events,Large Carry Bag,5,75.8,Document / book carrying,Yes,No,High,Yes,Reused old plastic bag,Reused,5,Vendor supplied food in double plastic bag.
REC-VSIT-0087,2025-04-26,2025-04,Vendors,Other,Cafeteria,Medium Carry Bag,2,15.4,Beverage container,No,Yes,Low,No,None,Recycling Bin,1,Student refused extra plastic bag and used backpack.
REC-VSIT-0831,2025-04-26,2025-04,Students,MSc IT,Administrative Area,Medium Carry Bag,1,8.5,Event material transport,No,No,Low,No,None,Recycling Bin,2,Observed during peak lunch rush hour.
REC-VSIT-0941,2025-04-27,2025-04,Students,BSc IT,Stationery Area,Medium Carry Bag,1,8.6,Beverage container,Yes,No,High,Yes,Reused old plastic bag,Reused,4,Awareness poster displayed nearby; student opted out of plastic.
REC-VSIT-1041,2025-04-27,2025-04,Students,BSc CS,Other,Other,0,0,Beverage container,Yes,No,High,Yes,Reused old plastic bag,Reused,4,Observed during peak lunch rush hour.
REC-VSIT-0256,2025-04-28,2025-04,Visitors,Other,Administrative Area,Thin Carry Bag,2,9.1,Stationery purchase,No,No,Medium,Yes,None,Dustbin,4,Reused plastic bag brought from home.
REC-VSIT-0319,2025-04-28,2025-04,Visitors,Other,Student Activity Area,Thin Carry Bag,0,0,Snack packaging,Yes,No,High,Yes,Reused old plastic bag,Reused,4,Plastic bag discarded in general waste bin.
REC-VSIT-0802,2025-04-28,2025-04,Visitors,Other,Library Area,Medium Carry Bag,0,0,Event material transport,Yes,No,Medium,Yes,Reused old plastic bag,Reused,4,Event setup generated bulk plastic packaging waste.
REC-VSIT-0979,2025-04-28,2025-04,Teaching Staff,Teaching Staff,Library Area,Food Packaging Bag,1,5.8,Event material transport,Yes,No,Medium,Yes,Reused old plastic bag,Reused,3,Vendor supplied food in double plastic bag.
REC-VSIT-0034,2025-04-29,2025-04,Teaching Staff,Teaching Staff,Entrance / Exit,Thin Carry Bag,0,0,Personal item storage,Yes,No,Medium,No,Carried cloth bag,Reused,4,Single snack item packed in thin polythene.
REC-VSIT-0197,2025-04-29,2025-04,Non-Teaching Staff,Administrative Staff,Student Activity Area,Thin Carry Bag,1,4.7,Stationery purchase,No,Yes,Medium,Yes,Refused plastic bag,Dustbin,4,Awareness poster displayed nearby; student opted out of plastic.
REC-VSIT-0225,2025-04-29,2025-04,Vendors,Other,Nearby Vendor Interaction,Large Carry Bag,1,13.3,Vendor supply delivery,Yes,No,High,Yes,Carried cloth bag,Reused,4,Event setup generated bulk plastic packaging waste.
REC-VSIT-0039,2025-04-30,2025-04,Visitors,Other,Cafeteria,Thin Carry Bag,2,9.5,Vendor supply delivery,No,Yes,Medium,No,None,Dustbin,3,Event setup generated bulk plastic packaging waste.
REC-VSIT-0121,2025-04-30,2025-04,Students,BSc CS,Canteen,Medium Carry Bag,2,16.8,Beverage container,Yes,No,High,Yes,Reused old plastic bag,Reused,5,Event setup generated bulk plastic packaging waste.
REC-VSIT-0252,2025-04-30,2025-04,Non-Teaching Staff,Administrative Staff,Canteen,Medium Carry Bag,2,15.4,Food takeaway,No,Yes,Low,No,None,Dustbin,1,Observed during peak lunch rush hour.
REC-VSIT-0775,2025-04-30,2025-04,Non-Teaching Staff,Administrative Staff,Student Activity Area,Medium Carry Bag,0,0,Beverage container,Yes,No,High,Yes,Carried cloth bag,Reused,4,Single snack item packed in thin polythene.
REC-VSIT-0811,2025-04-30,2025-04,Vendors,Other,Canteen,Food Packaging Bag,0,0,Beverage container,Yes,No,High,Yes,Carried cloth bag,Reused,5,Awareness poster displayed nearby; student opted out of plastic.
REC-VSIT-0839,2025-04-30,2025-04,Visitors,Other,Administrative Area,Food Packaging Bag,1,5.5,Document / book carrying,No,Yes,Low,No,None,Recycling Bin,1,Reused plastic bag brought from home.
REC-VSIT-1024,2025-04-30,2025-04,Teaching Staff,Teaching Staff,Stationery Area,Medium Carry Bag,1,8.1,Vendor supply delivery,No,No,Medium,No,None,Dustbin,3,Student refused extra plastic bag and used backpack.
REC-VSIT-0147,2025-05-01,2025-05,Vendors,Other,Canteen,Food Packaging Bag,1,5.3,Event material transport,No,Yes,Medium,Yes,Refused plastic bag,Dustbin,4,Student refused extra plastic bag and used backpack.
REC-VSIT-0343,2025-05-01,2025-05,Students,BSc CS,Student Activity Area,Medium Carry Bag,2,17.1,Personal item storage,No,Yes,Low,No,None,Littered,1,Awareness poster displayed nearby; student opted out of plastic.
REC-VSIT-0838,2025-05-01,2025-05,Teaching Staff,Teaching Staff,Library Area,Medium Carry Bag,0,0,Beverage container,Yes,No,High,Yes,Carried cloth bag,Reused,5,Single snack item packed in thin polythene.
REC-VSIT-0987,2025-05-01,2025-05,Non-Teaching Staff,Administrative Staff,Canteen,Medium Carry Bag,3,24.6,Vendor supply delivery,No,Yes,Low,No,None,Dustbin,1,Observed during peak lunch rush hour.
REC-VSIT-0258,2025-05-02,2025-05,Vendors,Other,Administrative Area,Food Packaging Bag,1,5.5,Document / book carrying,Yes,No,High,Yes,Carried cloth bag,Reused,4,Awareness poster displayed nearby; student opted out of plastic.
REC-VSIT-0491,2025-05-04,2025-05,Teaching Staff,Teaching Staff,Canteen,Thin Carry Bag,1,4.9,Vendor supply delivery,Yes,No,High,Yes,Reused old plastic bag,Reused,4,Vendor supplied food in double plastic bag.
REC-VSIT-0661,2025-05-04,2025-05,Non-Teaching Staff,Administrative Staff,Student Activity Area,Large Carry Bag,1,15.6,Vendor supply delivery,Yes,No,Medium,No,Carried cloth bag,Reused,4,Awareness poster displayed nearby; student opted out of plastic.
REC-VSIT-0889,2025-05-04,2025-05,Vendors,Other,Other,Food Packaging Bag,1,5.7,Event material transport,Yes,No,High,Yes,Carried cloth bag,Reused,4,Observed during peak lunch rush hour.
REC-VSIT-0939,2025-05-04,2025-05,Visitors,Other,Canteen,Food Packaging Bag,3,15.2,Document / book carrying,Yes,No,Medium,No,Reused old plastic bag,Reused,3,Stationery purchase wrapped in plastic carry bag.
REC-VSIT-0110,2025-05-05,2025-05,Visitors,Other,Entrance / Exit,Large Carry Bag,0,0,Event material transport,Yes,No,High,Yes,Reused old plastic bag,Reused,4,Vendor supplied food in double plastic bag.
REC-VSIT-0667,2025-05-05,2025-05,Vendors,Other,Campus Events,Large Carry Bag,6,91.6,Document / book carrying,No,Yes,Low,No,None,Reused,1,Single snack item packed in thin polythene.
REC-VSIT-0770,2025-05-05,2025-05,Vendors,Other,Stationery Area,Medium Carry Bag,1,8.8,Document / book carrying,Yes,No,High,Yes,Reused old plastic bag,Reused,4,Staff member carried reusable canvas tote bag.
REC-VSIT-0100,2025-05-06,2025-05,Teaching Staff,Teaching Staff,Administrative Area,Medium Carry Bag,2,16.5,Stationery purchase,No,Yes,Medium,Yes,Used paper container,Recycling Bin,3,Stationery purchase wrapped in plastic carry bag.
REC-VSIT-1021,2025-05-06,2025-05,Non-Teaching Staff,Administrative Staff,Canteen,Food Packaging Bag,4,21.4,Event material transport,No,Yes,Medium,No,None,Recycling Bin,4,Vendor supplied food in double plastic bag.
REC-VSIT-0060,2025-05-07,2025-05,Vendors,Other,Stationery Area,Thin Carry Bag,2,9.6,Vendor supply delivery,Yes,No,Medium,Yes,Carried cloth bag,Reused,3,Event setup generated bulk plastic packaging waste.
REC-VSIT-0284,2025-05-07,2025-05,Visitors,Other,Stationery Area,Medium Carry Bag,3,24.4,Food takeaway,No,Yes,High,Yes,Refused plastic bag,Littered,4,Staff member carried reusable canvas tote bag.
REC-VSIT-0883,2025-05-07,2025-05,Teaching Staff,Teaching Staff,Other,Shopping Bag,0,0,Stationery purchase,Yes,No,High,Yes,Carried cloth bag,Reused,4,Single snack item packed in thin polythene.
REC-VSIT-0637,2025-05-08,2025-05,Teaching Staff,Teaching Staff,Entrance / Exit,Thin Carry Bag,1,4.5,Snack packaging,No,No,Medium,Yes,None,Recycling Bin,3,Stationery purchase wrapped in plastic carry bag.
REC-VSIT-0703,2025-05-08,2025-05,Non-Teaching Staff,Administrative Staff,Campus Events,Medium Carry Bag,6,47.5,Personal item storage,No,Yes,Low,No,None,Littered,3,Event setup generated bulk plastic packaging waste.
REC-VSIT-0767,2025-05-08,2025-05,Students,BSc IT,Cafeteria,Food Packaging Bag,1,5.2,Vendor supply delivery,No,No,Low,No,None,Recycling Bin,2,Student refused extra plastic bag and used backpack.
REC-VSIT-0933,2025-05-08,2025-05,Vendors,Other,Campus Events,Medium Carry Bag,4,30.1,Food takeaway,No,No,Low,No,None,Littered,1,Staff member carried reusable canvas tote bag.
REC-VSIT-0001,2025-05-10,2025-05,Students,BSc CS,Entrance / Exit,Food Packaging Bag,0,0,Stationery purchase,Yes,No,High,Yes,Carried cloth bag,Reused,4,Stationery purchase wrapped in plastic carry bag.
REC-VSIT-0302,2025-05-10,2025-05,Teaching Staff,Teaching Staff,Campus Events,Food Packaging Bag,6,36.3,Food takeaway,No,Yes,Medium,No,None,Recycling Bin,4,Plastic bag discarded in general waste bin.
REC-VSIT-0383,2025-05-10,2025-05,Students,BSc CS,Stationery Area,Shopping Bag,0,0,Personal item storage,Yes,No,High,Yes,Carried cloth bag,Reused,4,Staff member carried reusable canvas tote bag.
REC-VSIT-0996,2025-05-10,2025-05,Non-Teaching Staff,Administrative Staff,Library Area,Food Packaging Bag,1,5.3,Event material transport,No,No,Low,No,None,Recycling Bin,1,Vendor supplied food in double plastic bag.
REC-VSIT-1027,2025-05-10,2025-05,Visitors,Other,Student Activity Area,Medium Carry Bag,1,8.6,Vendor supply delivery,No,Yes,High,Yes,Used paper container,Littered,4,Plastic bag discarded in general waste bin.
REC-VSIT-0004,2025-05-11,2025-05,Teaching Staff,Teaching Staff,Cafeteria,Medium Carry Bag,2,16.5,Vendor supply delivery,No,Yes,High,Yes,Refused plastic bag,Dustbin,4,Stationery purchase wrapped in plastic carry bag.
REC-VSIT-0062,2025-05-11,2025-05,Visitors,Other,Canteen,Food Packaging Bag,2,11.3,Snack packaging,No,Yes,Low,No,None,Recycling Bin,2,Event setup generated bulk plastic packaging waste.
REC-VSIT-0279,2025-05-11,2025-05,Visitors,Other,Library Area,Other,2,14.4,Personal item storage,No,Yes,Medium,No,None,Dustbin,4,Student refused extra plastic bag and used backpack.
REC-VSIT-0069,2025-05-12,2025-05,Teaching Staff,Teaching Staff,Nearby Vendor Interaction,Food Packaging Bag,1,5,Personal item storage,No,Yes,Low,No,None,Reused,1,Single snack item packed in thin polythene.
REC-VSIT-0127,2025-05-12,2025-05,Students,BSc IT,Cafeteria,Food Packaging Bag,1,5.1,Personal item storage,No,Yes,Medium,Yes,Used paper container,Littered,3,Plastic bag discarded in general waste bin.
REC-VSIT-0353,2025-05-12,2025-05,Non-Teaching Staff,Administrative Staff,Campus Events,Large Carry Bag,4,63.2,Stationery purchase,Yes,No,High,Yes,Carried cloth bag,Reused,5,Event setup generated bulk plastic packaging waste.
REC-VSIT-0399,2025-05-12,2025-05,Teaching Staff,Teaching Staff,Library Area,Medium Carry Bag,1,7.6,Document / book carrying,No,No,Medium,No,None,Littered,3,Vendor supplied food in double plastic bag.
REC-VSIT-0763,2025-05-13,2025-05,Students,BSc CS,Canteen,Food Packaging Bag,0,0,Event material transport,Yes,No,High,Yes,Reused old plastic bag,Reused,5,Staff member carried reusable canvas tote bag.
REC-VSIT-0766,2025-05-13,2025-05,Teaching Staff,Teaching Staff,Canteen,Food Packaging Bag,4,21,Document / book carrying,No,No,High,Yes,None,Dustbin,4,Student refused extra plastic bag and used backpack.
REC-VSIT-0472,2025-05-14,2025-05,Visitors,Other,Canteen,Food Packaging Bag,3,16.4,Personal item storage,Yes,No,High,Yes,Carried cloth bag,Reused,4,Plastic bag discarded in general waste bin.
REC-VSIT-0905,2025-05-14,2025-05,Teaching Staff,Teaching Staff,Canteen,Medium Carry Bag,2,16.7,Beverage container,No,Yes,High,Yes,Used paper container,Dustbin,4,Awareness poster displayed nearby; student opted out of plastic.
REC-VSIT-0107,2025-05-15,2025-05,Visitors,Other,Administrative Area,Medium Carry Bag,0,0,Stationery purchase,Yes,No,High,Yes,Carried cloth bag,Reused,5,Staff member carried reusable canvas tote bag.
REC-VSIT-0441,2025-05-15,2025-05,Teaching Staff,Teaching Staff,Nearby Vendor Interaction,Food Packaging Bag,4,22.7,Vendor supply delivery,No,Yes,High,Yes,Used paper container,Littered,5,Vendor supplied food in double plastic bag.
REC-VSIT-0807,2025-05-15,2025-05,Teaching Staff,Teaching Staff,Canteen,Thin Carry Bag,2,8.7,Personal item storage,No,No,High,Yes,None,Dustbin,4,Event setup generated bulk plastic packaging waste.
REC-VSIT-0609,2025-05-16,2025-05,Non-Teaching Staff,Administrative Staff,Campus Events,Medium Carry Bag,23,185.2,Document / book carrying,Yes,No,Medium,No,Reused old plastic bag,Reused,3,Stationery purchase wrapped in plastic carry bag.
REC-VSIT-0859,2025-05-16,2025-05,Students,MSc IT,Stationery Area,Shopping Bag,1,11.3,Snack packaging,No,Yes,Low,No,None,Reused,1,Single snack item packed in thin polythene.
REC-VSIT-0416,2025-05-17,2025-05,Students,BSc IT,Cafeteria,Medium Carry Bag,1,7.9,Food takeaway,Yes,No,Medium,Yes,Reused old plastic bag,Reused,3,Observed during peak lunch rush hour.
REC-VSIT-0606,2025-05-17,2025-05,Teaching Staff,Teaching Staff,Campus Events,Large Carry Bag,10,159,Personal item storage,Yes,No,High,Yes,Reused old plastic bag,Reused,4,Stationery purchase wrapped in plastic carry bag.
REC-VSIT-0625,2025-05-17,2025-05,Visitors,Other,Other,Thin Carry Bag,1,4.5,Document / book carrying,Yes,No,High,Yes,Carried cloth bag,Reused,4,Event setup generated bulk plastic packaging waste.
REC-VSIT-0670,2025-05-17,2025-05,Teaching Staff,Teaching Staff,Entrance / Exit,Other,1,6.3,Personal item storage,No,No,Medium,No,None,Littered,3,Single snack item packed in thin polythene.
REC-VSIT-0369,2025-05-18,2025-05,Non-Teaching Staff,Administrative Staff,Administrative Area,Food Packaging Bag,1,5.1,Document / book carrying,No,Yes,Low,No,None,Dustbin,3,Event setup generated bulk plastic packaging waste.
REC-VSIT-0960,2025-05-18,2025-05,Non-Teaching Staff,Administrative Staff,Student Activity Area,Medium Carry Bag,3,24.2,Food takeaway,No,Yes,Low,No,None,Littered,3,Event setup generated bulk plastic packaging waste.
REC-VSIT-1034,2025-05-18,2025-05,Students,BCA,Campus Events,Food Packaging Bag,2,11.5,Stationery purchase,No,No,Low,No,None,Reused,1,Stationery purchase wrapped in plastic carry bag.
REC-VSIT-0259,2025-05-19,2025-05,Students,BSc IT,Student Activity Area,Large Carry Bag,3,42.9,Vendor supply delivery,No,No,Low,No,None,Dustbin,1,Vendor supplied food in double plastic bag.
REC-VSIT-0510,2025-05-19,2025-05,Non-Teaching Staff,Administrative Staff,Cafeteria,Thin Carry Bag,2,9.5,Personal item storage,Yes,No,Medium,Yes,Carried cloth bag,Reused,4,Observed during peak lunch rush hour.
REC-VSIT-0548,2025-05-19,2025-05,Non-Teaching Staff,Administrative Staff,Stationery Area,Thin Carry Bag,1,4.6,Snack packaging,No,No,High,Yes,None,Dustbin,4,Stationery purchase wrapped in plastic carry bag.
REC-VSIT-0583,2025-05-19,2025-05,Teaching Staff,Teaching Staff,Library Area,Medium Carry Bag,0,0,Stationery purchase,Yes,No,Medium,No,Carried cloth bag,Reused,4,Awareness poster displayed nearby; student opted out of plastic.
REC-VSIT-0800,2025-05-19,2025-05,Visitors,Other,Nearby Vendor Interaction,Thin Carry Bag,0,0,Vendor supply delivery,Yes,No,High,Yes,Carried cloth bag,Reused,5,Observed during peak lunch rush hour.
REC-VSIT-0875,2025-05-19,2025-05,Vendors,Other,Library Area,Other,2,12.6,Snack packaging,No,Yes,Medium,Yes,Refused plastic bag,Reused,3,Single snack item packed in thin polythene.
REC-VSIT-1031,2025-05-19,2025-05,Teaching Staff,Teaching Staff,Other,Large Carry Bag,0,0,Vendor supply delivery,Yes,No,High,Yes,Reused old plastic bag,Reused,5,Observed during peak lunch rush hour.
REC-VSIT-0150,2025-05-20,2025-05,Vendors,Other,Student Activity Area,Other,1,7.3,Document / book carrying,No,Yes,Low,No,None,Reused,3,Observed during peak lunch rush hour.
REC-VSIT-0301,2025-05-20,2025-05,Teaching Staff,Teaching Staff,Canteen,Medium Carry Bag,3,23,Stationery purchase,Yes,No,Medium,No,Reused old plastic bag,Reused,3,Awareness poster displayed nearby; student opted out of plastic.
REC-VSIT-0604,2025-05-20,2025-05,Visitors,Other,Stationery Area,Shopping Bag,1,13,Food takeaway,Yes,No,High,Yes,Carried cloth bag,Reused,4,Single snack item packed in thin polythene.
REC-VSIT-0732,2025-05-20,2025-05,Vendors,Other,Nearby Vendor Interaction,Thin Carry Bag,3,13.6,Snack packaging,No,Yes,Low,No,None,Reused,2,Event setup generated bulk plastic packaging waste.
REC-VSIT-0260,2025-05-22,2025-05,Students,BCA,Canteen,Food Packaging Bag,3,15.6,Beverage container,Yes,No,High,Yes,Reused old plastic bag,Reused,4,Event setup generated bulk plastic packaging waste.
REC-VSIT-0495,2025-05-22,2025-05,Students,BSc IT,Student Activity Area,Other,3,21.7,Event material transport,No,Yes,Low,No,None,Recycling Bin,3,Vendor supplied food in double plastic bag.
REC-VSIT-0683,2025-05-22,2025-05,Non-Teaching Staff,Administrative Staff,Cafeteria,Thin Carry Bag,0,0,Vendor supply delivery,Yes,No,High,Yes,Reused old plastic bag,Reused,4,Staff member carried reusable canvas tote bag.
REC-VSIT-0556,2025-05-23,2025-05,Teaching Staff,Teaching Staff,Other,Thin Carry Bag,0,0,Stationery purchase,Yes,No,Medium,Yes,Carried cloth bag,Reused,3,Event setup generated bulk plastic packaging waste.
REC-VSIT-0727,2025-05-23,2025-05,Teaching Staff,Teaching Staff,Administrative Area,Food Packaging Bag,0,0,Document / book carrying,Yes,No,High,Yes,Carried cloth bag,Reused,5,Awareness poster displayed nearby; student opted out of plastic.
REC-VSIT-0658,2025-05-24,2025-05,Visitors,Other,Student Activity Area,Food Packaging Bag,1,5.7,Event material transport,No,Yes,Low,No,None,Recycling Bin,3,Student refused extra plastic bag and used backpack.
REC-VSIT-0694,2025-05-24,2025-05,Visitors,Other,Entrance / Exit,Other,1,6.8,Event material transport,No,No,High,Yes,None,Reused,4,Observed during peak lunch rush hour.
REC-VSIT-0872,2025-05-25,2025-05,Vendors,Other,Canteen,Medium Carry Bag,0,0,Stationery purchase,Yes,No,High,Yes,Reused old plastic bag,Reused,4,Student refused extra plastic bag and used backpack.
REC-VSIT-0347,2025-05-26,2025-05,Teaching Staff,Teaching Staff,Library Area,Medium Carry Bag,1,7.4,Document / book carrying,No,No,Low,No,None,Reused,1,Stationery purchase wrapped in plastic carry bag.
REC-VSIT-0541,2025-05-27,2025-05,Teaching Staff,Teaching Staff,Cafeteria,Thin Carry Bag,2,9,Vendor supply delivery,Yes,No,Medium,No,Reused old plastic bag,Reused,4,Observed during peak lunch rush hour.
REC-VSIT-0590,2025-05-27,2025-05,Non-Teaching Staff,Administrative Staff,Canteen,Medium Carry Bag,1,7.4,Food takeaway,Yes,No,High,Yes,Reused old plastic bag,Reused,4,Plastic bag discarded in general waste bin.
REC-VSIT-0634,2025-05-27,2025-05,Non-Teaching Staff,Administrative Staff,Entrance / Exit,Shopping Bag,2,22,Personal item storage,No,Yes,Low,No,None,Dustbin,1,Event setup generated bulk plastic packaging waste.
REC-VSIT-0788,2025-05-27,2025-05,Students,MSc IT,Stationery Area,Medium Carry Bag,1,8.5,Vendor supply delivery,No,Yes,Low,No,None,Recycling Bin,2,Student refused extra plastic bag and used backpack.
REC-VSIT-0796,2025-05-27,2025-05,Vendors,Other,Canteen,Medium Carry Bag,1,7.3,Stationery purchase,Yes,No,High,Yes,Carried cloth bag,Reused,5,Staff member carried reusable canvas tote bag.
REC-VSIT-0847,2025-05-27,2025-05,Vendors,Other,Administrative Area,Shopping Bag,1,12.4,Document / book carrying,No,Yes,Medium,Yes,Used paper container,Dustbin,4,Observed during peak lunch rush hour.
REC-VSIT-0012,2025-05-28,2025-05,Teaching Staff,Teaching Staff,Entrance / Exit,Large Carry Bag,2,30.8,Vendor supply delivery,No,Yes,Low,No,None,Dustbin,1,Vendor supplied food in double plastic bag.
REC-VSIT-0133,2025-05-28,2025-05,Visitors,Other,Campus Events,Large Carry Bag,3,42.2,Food takeaway,No,Yes,Low,No,None,Littered,3,Reused plastic bag brought from home.
REC-VSIT-0148,2025-05-28,2025-05,Students,MSc IT,Other,Other,1,6.7,Personal item storage,No,Yes,Medium,No,None,Littered,3,Stationery purchase wrapped in plastic carry bag.
REC-VSIT-0381,2025-05-28,2025-05,Teaching Staff,Teaching Staff,Canteen,Medium Carry Bag,0,0,Food takeaway,Yes,No,High,Yes,Reused old plastic bag,Reused,5,Reused plastic bag brought from home.
REC-VSIT-0007,2025-05-29,2025-05,Non-Teaching Staff,Administrative Staff,Administrative Area,Large Carry Bag,1,13.6,Document / book carrying,No,Yes,Medium,Yes,Used paper container,Dustbin,4,Student refused extra plastic bag and used backpack.
REC-VSIT-0178,2025-05-29,2025-05,Visitors,Other,Administrative Area,Shopping Bag,2,26.3,Event material transport,No,Yes,Low,No,None,Recycling Bin,3,Awareness poster displayed nearby; student opted out of plastic.
REC-VSIT-0239,2025-05-29,2025-05,Students,MSc IT,Entrance / Exit,Medium Carry Bag,0,0,Vendor supply delivery,Yes,No,Medium,Yes,Reused old plastic bag,Reused,4,Student refused extra plastic bag and used backpack.
REC-VSIT-0575,2025-05-29,2025-05,Teaching Staff,Teaching Staff,Canteen,Food Packaging Bag,3,17.4,Stationery purchase,No,Yes,Medium,No,None,Recycling Bin,3,Observed during peak lunch rush hour.
REC-VSIT-0707,2025-05-29,2025-05,Visitors,Other,Other,Large Carry Bag,2,31.4,Food takeaway,No,Yes,Low,No,None,Littered,3,Plastic bag discarded in general waste bin.
REC-VSIT-1014,2025-05-29,2025-05,Non-Teaching Staff,Administrative Staff,Canteen,Medium Carry Bag,0,0,Document / book carrying,Yes,No,High,Yes,Carried cloth bag,Reused,5,Stationery purchase wrapped in plastic carry bag.
REC-VSIT-0076,2025-05-30,2025-05,Vendors,Other,Canteen,Food Packaging Bag,1,5.7,Beverage container,Yes,No,Medium,No,Carried cloth bag,Reused,4,Student refused extra plastic bag and used backpack.
REC-VSIT-0961,2025-05-30,2025-05,Teaching Staff,Teaching Staff,Nearby Vendor Interaction,Other,2,15.1,Stationery purchase,No,Yes,Medium,No,None,Recycling Bin,4,Observed during peak lunch rush hour.
REC-VSIT-0044,2025-05-31,2025-05,Vendors,Other,Nearby Vendor Interaction,Medium Carry Bag,3,24.1,Document / book carrying,No,Yes,Medium,Yes,Refused plastic bag,Recycling Bin,3,Plastic bag discarded in general waste bin.
REC-VSIT-0547,2025-05-31,2025-05,Visitors,Other,Other,Other,0,0,Snack packaging,Yes,No,High,Yes,Carried cloth bag,Reused,4,Vendor supplied food in double plastic bag.
REC-VSIT-0852,2025-05-31,2025-05,Vendors,Other,Canteen,Thin Carry Bag,2,9.4,Personal item storage,No,Yes,High,Yes,Used paper container,Dustbin,4,Reused plastic bag brought from home.
REC-VSIT-0186,2025-06-01,2025-06,Teaching Staff,Teaching Staff,Entrance / Exit,Food Packaging Bag,1,5,Stationery purchase,No,Yes,Low,No,None,Littered,2,Vendor supplied food in double plastic bag.
REC-VSIT-0390,2025-06-01,2025-06,Teaching Staff,Teaching Staff,Canteen,Thin Carry Bag,2,8.2,Vendor supply delivery,No,Yes,Medium,Yes,Used paper container,Dustbin,3,Stationery purchase wrapped in plastic carry bag.
REC-VSIT-0487,2025-06-01,2025-06,Non-Teaching Staff,Administrative Staff,Canteen,Thin Carry Bag,2,9.2,Personal item storage,No,No,Low,No,None,Recycling Bin,2,Plastic bag discarded in general waste bin.
REC-VSIT-0675,2025-06-01,2025-06,Vendors,Other,Stationery Area,Shopping Bag,1,11.4,Snack packaging,No,Yes,High,Yes,Used paper container,Recycling Bin,4,Student refused extra plastic bag and used backpack.
REC-VSIT-0208,2025-06-02,2025-06,Visitors,Other,Library Area,Other,2,12.8,Snack packaging,No,Yes,Medium,No,None,Reused,4,Staff member carried reusable canvas tote bag.
REC-VSIT-0663,2025-06-02,2025-06,Students,BCA,Student Activity Area,Large Carry Bag,3,40.4,Event material transport,No,Yes,Medium,No,None,Recycling Bin,3,Vendor supplied food in double plastic bag.
REC-VSIT-0725,2025-06-02,2025-06,Non-Teaching Staff,Administrative Staff,Canteen,Food Packaging Bag,0,0,Document / book carrying,Yes,No,High,Yes,Reused old plastic bag,Reused,5,Plastic bag discarded in general waste bin.
REC-VSIT-0914,2025-06-02,2025-06,Students,BSc CS,Canteen,Thin Carry Bag,4,17,Snack packaging,No,No,High,Yes,None,Dustbin,4,Vendor supplied food in double plastic bag.
REC-VSIT-0592,2025-06-03,2025-06,Students,MSc IT,Student Activity Area,Food Packaging Bag,3,15.9,Document / book carrying,No,No,High,Yes,None,Recycling Bin,4,Awareness poster displayed nearby; student opted out of plastic.
REC-VSIT-0067,2025-06-04,2025-06,Non-Teaching Staff,Administrative Staff,Student Activity Area,Shopping Bag,1,11.9,Snack packaging,Yes,No,High,Yes,Reused old plastic bag,Reused,5,Plastic bag discarded in general waste bin.
REC-VSIT-0283,2025-06-04,2025-06,Teaching Staff,Teaching Staff,Administrative Area,Shopping Bag,1,12.8,Document / book carrying,No,Yes,Low,No,None,Dustbin,3,Event setup generated bulk plastic packaging waste.
REC-VSIT-0728,2025-06-04,2025-06,Visitors,Other,Administrative Area,Medium Carry Bag,0,0,Beverage container,Yes,No,High,Yes,Reused old plastic bag,Reused,4,Stationery purchase wrapped in plastic carry bag.
REC-VSIT-0956,2025-06-04,2025-06,Teaching Staff,Teaching Staff,Stationery Area,Thin Carry Bag,3,13.1,Stationery purchase,No,Yes,Low,No,None,Recycling Bin,1,Observed during peak lunch rush hour.
REC-VSIT-0053,2025-06-05,2025-06,Vendors,Other,Administrative Area,Thin Carry Bag,0,0,Beverage container,Yes,No,High,Yes,Carried cloth bag,Reused,4,Awareness poster displayed nearby; student opted out of plastic.
REC-VSIT-0317,2025-06-05,2025-06,Students,BSc CS,Other,Shopping Bag,1,12.8,Stationery purchase,No,Yes,Low,No,None,Littered,2,Plastic bag discarded in general waste bin.
REC-VSIT-0413,2025-06-05,2025-06,Students,BCA,Stationery Area,Medium Carry Bag,1,7.7,Vendor supply delivery,Yes,No,Medium,Yes,Reused old plastic bag,Reused,4,Reused plastic bag brought from home.
REC-VSIT-0827,2025-06-05,2025-06,Non-Teaching Staff,Administrative Staff,Entrance / Exit,Other,2,12.6,Event material transport,No,Yes,Low,No,None,Littered,2,Observed during peak lunch rush hour.
REC-VSIT-0943,2025-06-05,2025-06,Vendors,Other,Library Area,Thin Carry Bag,0,0,Snack packaging,Yes,No,High,Yes,Reused old plastic bag,Reused,4,Stationery purchase wrapped in plastic carry bag.
REC-VSIT-1020,2025-06-05,2025-06,Visitors,Other,Canteen,Medium Carry Bag,4,32.5,Personal item storage,No,No,Medium,No,None,Recycling Bin,3,Student refused extra plastic bag and used backpack.
REC-VSIT-0040,2025-06-06,2025-06,Students,MSc IT,Nearby Vendor Interaction,Shopping Bag,2,23.2,Personal item storage,No,Yes,High,Yes,Refused plastic bag,Reused,5,Plastic bag discarded in general waste bin.
REC-VSIT-0345,2025-06-06,2025-06,Students,BCA,Library Area,Thin Carry Bag,0,0,Food takeaway,Yes,No,High,Yes,Carried cloth bag,Reused,4,Event setup generated bulk plastic packaging waste.
REC-VSIT-0522,2025-06-06,2025-06,Non-Teaching Staff,Administrative Staff,Canteen,Thin Carry Bag,1,4.7,Event material transport,Yes,No,High,Yes,Carried cloth bag,Reused,5,Plastic bag discarded in general waste bin.
REC-VSIT-0531,2025-06-06,2025-06,Vendors,Other,Cafeteria,Food Packaging Bag,2,10.9,Beverage container,No,Yes,Low,No,None,Recycling Bin,2,Staff member carried reusable canvas tote bag.
REC-VSIT-0626,2025-06-06,2025-06,Visitors,Other,Cafeteria,Thin Carry Bag,3,13,Event material transport,No,Yes,Medium,No,None,Reused,3,Reused plastic bag brought from home.
REC-VSIT-0809,2025-06-06,2025-06,Teaching Staff,Teaching Staff,Nearby Vendor Interaction,Other,2,15.3,Document / book carrying,No,Yes,High,Yes,Used paper container,Littered,4,Event setup generated bulk plastic packaging waste.
REC-VSIT-0920,2025-06-06,2025-06,Students,BCA,Nearby Vendor Interaction,Food Packaging Bag,4,20.1,Stationery purchase,No,Yes,Low,No,None,Recycling Bin,1,Reused plastic bag brought from home.
REC-VSIT-0287,2025-06-07,2025-06,Students,BSc IT,Nearby Vendor Interaction,Large Carry Bag,4,53.8,Food takeaway,No,No,Medium,No,None,Littered,4,Staff member carried reusable canvas tote bag.
REC-VSIT-0600,2025-06-07,2025-06,Vendors,Other,Campus Events,Medium Carry Bag,10,84.6,Vendor supply delivery,Yes,No,High,Yes,Carried cloth bag,Reused,5,Student refused extra plastic bag and used backpack.
REC-VSIT-0723,2025-06-07,2025-06,Vendors,Other,Administrative Area,Food Packaging Bag,2,11.3,Vendor supply delivery,No,Yes,Medium,No,None,Dustbin,4,Awareness poster displayed nearby; student opted out of plastic.
REC-VSIT-0817,2025-06-07,2025-06,Teaching Staff,Teaching Staff,Stationery Area,Medium Carry Bag,1,8,Snack packaging,Yes,No,High,Yes,Reused old plastic bag,Reused,5,Student refused extra plastic bag and used backpack.
REC-VSIT-0850,2025-06-07,2025-06,Non-Teaching Staff,Administrative Staff,Student Activity Area,Thin Carry Bag,2,8.1,Stationery purchase,No,Yes,Low,No,None,Recycling Bin,3,Awareness poster displayed nearby; student opted out of plastic.
REC-VSIT-1026,2025-06-07,2025-06,Non-Teaching Staff,Administrative Staff,Cafeteria,Food Packaging Bag,2,10.3,Food takeaway,Yes,No,Medium,No,Carried cloth bag,Reused,4,Awareness poster displayed nearby; student opted out of plastic.
REC-VSIT-0261,2025-06-08,2025-06,Non-Teaching Staff,Administrative Staff,Administrative Area,Large Carry Bag,1,14.9,Personal item storage,Yes,No,High,Yes,Reused old plastic bag,Reused,5,Single snack item packed in thin polythene.
REC-VSIT-0566,2025-06-08,2025-06,Visitors,Other,Nearby Vendor Interaction,Thin Carry Bag,3,12.3,Stationery purchase,No,Yes,Medium,No,None,Littered,3,Vendor supplied food in double plastic bag.
REC-VSIT-0854,2025-06-08,2025-06,Non-Teaching Staff,Administrative Staff,Campus Events,Large Carry Bag,5,69.9,Snack packaging,No,Yes,Medium,No,None,Reused,4,Plastic bag discarded in general waste bin.
REC-VSIT-1030,2025-06-08,2025-06,Non-Teaching Staff,Administrative Staff,Library Area,Other,0,0,Document / book carrying,Yes,No,High,Yes,Reused old plastic bag,Reused,4,Observed during peak lunch rush hour.
REC-VSIT-0299,2025-06-09,2025-06,Vendors,Other,Entrance / Exit,Large Carry Bag,1,13.6,Event material transport,No,No,Medium,Yes,None,Littered,4,Observed during peak lunch rush hour.
REC-VSIT-0340,2025-06-10,2025-06,Students,BCA,Other,Food Packaging Bag,2,11.4,Snack packaging,No,Yes,Medium,No,None,Reused,3,Single snack item packed in thin polythene.
REC-VSIT-1007,2025-06-10,2025-06,Vendors,Other,Student Activity Area,Other,3,22.7,Vendor supply delivery,No,Yes,Medium,No,None,Littered,4,Reused plastic bag brought from home.
REC-VSIT-0043,2025-06-11,2025-06,Visitors,Other,Canteen,Medium Carry Bag,2,17.2,Food takeaway,No,Yes,Low,No,None,Recycling Bin,3,Reused plastic bag brought from home.
REC-VSIT-0073,2025-06-11,2025-06,Teaching Staff,Teaching Staff,Student Activity Area,Shopping Bag,2,24.7,Snack packaging,Yes,No,High,Yes,Carried cloth bag,Reused,4,Single snack item packed in thin polythene.
REC-VSIT-0191,2025-06-11,2025-06,Students,BSc IT,Entrance / Exit,Food Packaging Bag,1,5.1,Vendor supply delivery,Yes,No,High,Yes,Carried cloth bag,Reused,5,Reused plastic bag brought from home.
REC-VSIT-0316,2025-06-11,2025-06,Visitors,Other,Canteen,Thin Carry Bag,2,9.1,Personal item storage,No,Yes,Low,No,None,Recycling Bin,3,Vendor supplied food in double plastic bag.
REC-VSIT-0617,2025-06-11,2025-06,Teaching Staff,Teaching Staff,Library Area,Other,0,0,Event material transport,Yes,No,High,Yes,Carried cloth bag,Reused,4,Event setup generated bulk plastic packaging waste.
REC-VSIT-0217,2025-06-12,2025-06,Vendors,Other,Canteen,Food Packaging Bag,2,10.8,Vendor supply delivery,No,Yes,High,Yes,Refused plastic bag,Dustbin,5,Student refused extra plastic bag and used backpack.
REC-VSIT-0325,2025-06-12,2025-06,Teaching Staff,Teaching Staff,Other,Medium Carry Bag,2,16.4,Document / book carrying,No,Yes,Low,No,None,Recycling Bin,2,Single snack item packed in thin polythene.
REC-VSIT-0367,2025-06-12,2025-06,Teaching Staff,Teaching Staff,Campus Events,Food Packaging Bag,2,10.8,Snack packaging,No,No,Medium,No,None,Recycling Bin,3,Event setup generated bulk plastic packaging waste.
REC-VSIT-0374,2025-06-12,2025-06,Visitors,Other,Student Activity Area,Thin Carry Bag,1,4.9,Food takeaway,Yes,No,High,Yes,Reused old plastic bag,Reused,5,Observed during peak lunch rush hour.
REC-VSIT-0444,2025-06-12,2025-06,Vendors,Other,Student Activity Area,Shopping Bag,2,21.8,Document / book carrying,No,Yes,Low,No,None,Reused,2,Reused plastic bag brought from home.
REC-VSIT-0963,2025-06-12,2025-06,Non-Teaching Staff,Administrative Staff,Student Activity Area,Thin Carry Bag,1,4.6,Vendor supply delivery,Yes,No,Medium,No,Carried cloth bag,Reused,4,Student refused extra plastic bag and used backpack.
REC-VSIT-0500,2025-06-13,2025-06,Vendors,Other,Entrance / Exit,Other,1,6.5,Personal item storage,Yes,No,High,Yes,Reused old plastic bag,Reused,4,Reused plastic bag brought from home.
REC-VSIT-0691,2025-06-13,2025-06,Students,BSc CS,Canteen,Thin Carry Bag,2,9.9,Vendor supply delivery,No,No,Medium,Yes,None,Dustbin,3,Single snack item packed in thin polythene.
REC-VSIT-0469,2025-06-14,2025-06,Students,BSc CS,Stationery Area,Thin Carry Bag,2,8.4,Snack packaging,No,Yes,High,Yes,Used paper container,Littered,4,Plastic bag discarded in general waste bin.
REC-VSIT-0835,2025-06-14,2025-06,Non-Teaching Staff,Administrative Staff,Campus Events,Large Carry Bag,21,299.8,Beverage container,Yes,No,Medium,No,Reused old plastic bag,Reused,3,Reused plastic bag brought from home.
REC-VSIT-0215,2025-06-15,2025-06,Teaching Staff,Teaching Staff,Library Area,Shopping Bag,0,0,Personal item storage,Yes,No,High,Yes,Carried cloth bag,Reused,5,Reused plastic bag brought from home.
REC-VSIT-0339,2025-06-15,2025-06,Visitors,Other,Administrative Area,Other,1,6.3,Beverage container,Yes,No,High,Yes,Carried cloth bag,Reused,5,Vendor supplied food in double plastic bag.
REC-VSIT-0700,2025-06-15,2025-06,Students,BCA,Student Activity Area,Other,2,13,Event material transport,Yes,No,High,Yes,Reused old plastic bag,Reused,5,Stationery purchase wrapped in plastic carry bag.
REC-VSIT-0681,2025-06-16,2025-06,Students,MSc IT,Stationery Area,Medium Carry Bag,3,23.6,Personal item storage,No,No,Low,No,None,Dustbin,3,Awareness poster displayed nearby; student opted out of plastic.
REC-VSIT-0929,2025-06-16,2025-06,Vendors,Other,Library Area,Shopping Bag,2,25.9,Vendor supply delivery,No,Yes,High,Yes,Refused plastic bag,Recycling Bin,5,Reused plastic bag brought from home.
REC-VSIT-0085,2025-06-17,2025-06,Visitors,Other,Entrance / Exit,Thin Carry Bag,2,8.4,Document / book carrying,No,Yes,Medium,No,None,Littered,3,Awareness poster displayed nearby; student opted out of plastic.
REC-VSIT-0308,2025-06-17,2025-06,Non-Teaching Staff,Administrative Staff,Other,Thin Carry Bag,2,9.2,Event material transport,No,Yes,High,Yes,Used paper container,Dustbin,5,Event setup generated bulk plastic packaging waste.
REC-VSIT-0797,2025-06-17,2025-06,Vendors,Other,Library Area,Shopping Bag,2,23.4,Document / book carrying,No,No,Medium,Yes,None,Littered,4,Plastic bag discarded in general waste bin.
REC-VSIT-0992,2025-06-17,2025-06,Visitors,Other,Administrative Area,Other,1,7.1,Stationery purchase,Yes,No,High,Yes,Reused old plastic bag,Reused,4,Vendor supplied food in double plastic bag.
REC-VSIT-1018,2025-06-18,2025-06,Students,BSc CS,Library Area,Large Carry Bag,2,27.8,Beverage container,No,Yes,Medium,No,None,Recycling Bin,4,Vendor supplied food in double plastic bag.
REC-VSIT-0477,2025-06-19,2025-06,Teaching Staff,Teaching Staff,Student Activity Area,Shopping Bag,3,32.8,Snack packaging,No,Yes,Low,No,None,Littered,3,Awareness poster displayed nearby; student opted out of plastic.
REC-VSIT-0693,2025-06-19,2025-06,Teaching Staff,Teaching Staff,Campus Events,Medium Carry Bag,1,7.9,Personal item storage,Yes,No,High,Yes,Carried cloth bag,Reused,4,Observed during peak lunch rush hour.
REC-VSIT-0680,2025-06-20,2025-06,Vendors,Other,Cafeteria,Medium Carry Bag,2,15.3,Personal item storage,No,Yes,Low,No,None,Dustbin,3,Staff member carried reusable canvas tote bag.
REC-VSIT-0810,2025-06-21,2025-06,Visitors,Other,Student Activity Area,Shopping Bag,3,33.7,Snack packaging,No,Yes,Medium,No,None,Reused,3,Event setup generated bulk plastic packaging waste.
REC-VSIT-1005,2025-06-21,2025-06,Students,BSc CS,Nearby Vendor Interaction,Large Carry Bag,1,15.8,Event material transport,No,Yes,High,Yes,Used paper container,Recycling Bin,4,Vendor supplied food in double plastic bag.
REC-VSIT-0622,2025-06-23,2025-06,Students,BSc CS,Other,Other,0,0,Document / book carrying,Yes,No,High,Yes,Carried cloth bag,Reused,4,Staff member carried reusable canvas tote bag.
REC-VSIT-0822,2025-06-23,2025-06,Visitors,Other,Nearby Vendor Interaction,Large Carry Bag,2,28.4,Document / book carrying,Yes,No,Medium,Yes,Carried cloth bag,Reused,3,Event setup generated bulk plastic packaging waste.
REC-VSIT-0529,2025-06-24,2025-06,Students,BCA,Entrance / Exit,Medium Carry Bag,0,0,Personal item storage,Yes,No,High,Yes,Carried cloth bag,Reused,4,Event setup generated bulk plastic packaging waste.
REC-VSIT-0170,2025-06-25,2025-06,Non-Teaching Staff,Administrative Staff,Nearby Vendor Interaction,Medium Carry Bag,3,22.8,Beverage container,No,Yes,Low,No,None,Recycling Bin,1,Plastic bag discarded in general waste bin.
REC-VSIT-0482,2025-06-25,2025-06,Visitors,Other,Entrance / Exit,Large Carry Bag,1,13.3,Snack packaging,Yes,No,High,Yes,Carried cloth bag,Reused,4,Single snack item packed in thin polythene.
REC-VSIT-0671,2025-06-25,2025-06,Non-Teaching Staff,Administrative Staff,Cafeteria,Medium Carry Bag,3,22.9,Personal item storage,No,No,Medium,No,None,Dustbin,4,Student refused extra plastic bag and used backpack.
REC-VSIT-0923,2025-06-25,2025-06,Teaching Staff,Teaching Staff,Canteen,Thin Carry Bag,2,9.7,Stationery purchase,No,No,Low,No,None,Dustbin,2,Staff member carried reusable canvas tote bag.
REC-VSIT-0949,2025-06-25,2025-06,Teaching Staff,Teaching Staff,Canteen,Food Packaging Bag,2,10,Snack packaging,No,Yes,High,Yes,Used paper container,Recycling Bin,4,Vendor supplied food in double plastic bag.
REC-VSIT-0952,2025-06-25,2025-06,Vendors,Other,Other,Food Packaging Bag,1,5.1,Snack packaging,Yes,No,Medium,No,Carried cloth bag,Reused,4,Stationery purchase wrapped in plastic carry bag.
REC-VSIT-0253,2025-06-26,2025-06,Non-Teaching Staff,Administrative Staff,Entrance / Exit,Medium Carry Bag,2,14.7,Food takeaway,No,Yes,High,Yes,Refused plastic bag,Recycling Bin,5,Single snack item packed in thin polythene.
REC-VSIT-0265,2025-06-26,2025-06,Students,BSc IT,Entrance / Exit,Thin Carry Bag,0,0,Snack packaging,Yes,No,High,Yes,Carried cloth bag,Reused,4,Single snack item packed in thin polythene.
REC-VSIT-0517,2025-06-26,2025-06,Teaching Staff,Teaching Staff,Student Activity Area,Food Packaging Bag,0,0,Personal item storage,Yes,No,High,Yes,Carried cloth bag,Reused,5,Vendor supplied food in double plastic bag.
REC-VSIT-0530,2025-06-26,2025-06,Vendors,Other,Entrance / Exit,Large Carry Bag,0,0,Personal item storage,Yes,No,High,Yes,Reused old plastic bag,Reused,5,Student refused extra plastic bag and used backpack.
REC-VSIT-0871,2025-06-26,2025-06,Students,BSc IT,Other,Food Packaging Bag,2,11.9,Beverage container,No,Yes,High,Yes,Refused plastic bag,Recycling Bin,5,Event setup generated bulk plastic packaging waste.
REC-VSIT-0029,2025-06-27,2025-06,Non-Teaching Staff,Administrative Staff,Stationery Area,Thin Carry Bag,2,9.2,Event material transport,No,No,Medium,Yes,None,Dustbin,3,Awareness poster displayed nearby; student opted out of plastic.
REC-VSIT-0046,2025-06-27,2025-06,Teaching Staff,Teaching Staff,Student Activity Area,Thin Carry Bag,3,13,Vendor supply delivery,No,Yes,High,Yes,Refused plastic bag,Recycling Bin,5,Staff member carried reusable canvas tote bag.
REC-VSIT-0118,2025-06-27,2025-06,Students,BSc IT,Cafeteria,Food Packaging Bag,0,0,Personal item storage,Yes,No,Medium,No,Carried cloth bag,Reused,4,Plastic bag discarded in general waste bin.
REC-VSIT-0092,2025-06-28,2025-06,Vendors,Other,Library Area,Large Carry Bag,2,30.6,Stationery purchase,No,Yes,High,Yes,Used paper container,Recycling Bin,4,Observed during peak lunch rush hour.
REC-VSIT-0309,2025-06-28,2025-06,Visitors,Other,Stationery Area,Medium Carry Bag,1,7.7,Snack packaging,Yes,No,Medium,No,Carried cloth bag,Reused,3,Awareness poster displayed nearby; student opted out of plastic.
REC-VSIT-0311,2025-06-28,2025-06,Visitors,Other,Administrative Area,Shopping Bag,1,11,Stationery purchase,No,No,Low,No,None,Dustbin,2,Reused plastic bag brought from home.
REC-VSIT-0497,2025-06-28,2025-06,Teaching Staff,Teaching Staff,Administrative Area,Thin Carry Bag,1,4.9,Snack packaging,No,Yes,High,Yes,Refused plastic bag,Dustbin,4,Student refused extra plastic bag and used backpack.
REC-VSIT-0753,2025-06-28,2025-06,Teaching Staff,Teaching Staff,Cafeteria,Thin Carry Bag,1,4.8,Snack packaging,Yes,No,High,Yes,Reused old plastic bag,Reused,4,Student refused extra plastic bag and used backpack.
REC-VSIT-0263,2025-06-29,2025-06,Visitors,Other,Nearby Vendor Interaction,Thin Carry Bag,2,8.3,Personal item storage,No,Yes,High,Yes,Used paper container,Littered,4,Observed during peak lunch rush hour.
REC-VSIT-0597,2025-06-29,2025-06,Students,BSc CS,Nearby Vendor Interaction,Large Carry Bag,1,13.6,Event material transport,No,Yes,Medium,No,None,Littered,4,Student refused extra plastic bag and used backpack.
REC-VSIT-0662,2025-06-29,2025-06,Teaching Staff,Teaching Staff,Entrance / Exit,Large Carry Bag,0,0,Food takeaway,Yes,No,High,Yes,Reused old plastic bag,Reused,5,Staff member carried reusable canvas tote bag.
REC-VSIT-0857,2025-06-29,2025-06,Visitors,Other,Student Activity Area,Shopping Bag,3,39.1,Personal item storage,No,No,Medium,Yes,None,Recycling Bin,4,Observed during peak lunch rush hour.
REC-VSIT-0211,2025-06-30,2025-06,Visitors,Other,Cafeteria,Medium Carry Bag,0,0,Food takeaway,Yes,No,Medium,No,Reused old plastic bag,Reused,4,Reused plastic bag brought from home.
REC-VSIT-0334,2025-06-30,2025-06,Vendors,Other,Canteen,Thin Carry Bag,4,17.6,Event material transport,No,No,High,Yes,None,Recycling Bin,5,Single snack item packed in thin polythene.
REC-VSIT-1025,2025-06-30,2025-06,Visitors,Other,Student Activity Area,Other,3,19.8,Event material transport,No,Yes,Low,No,None,Recycling Bin,3,Student refused extra plastic bag and used backpack.
REC-VSIT-0341,2025-07-01,2025-07,Teaching Staff,Teaching Staff,Other,Medium Carry Bag,1,7.8,Stationery purchase,No,Yes,Low,No,None,Recycling Bin,2,Vendor supplied food in double plastic bag.
REC-VSIT-0780,2025-07-01,2025-07,Teaching Staff,Teaching Staff,Entrance / Exit,Large Carry Bag,1,14.3,Snack packaging,No,Yes,Medium,Yes,Refused plastic bag,Reused,4,Observed during peak lunch rush hour.
REC-VSIT-0496,2025-07-02,2025-07,Non-Teaching Staff,Administrative Staff,Other,Food Packaging Bag,0,0,Food takeaway,Yes,No,High,Yes,Reused old plastic bag,Reused,5,Reused plastic bag brought from home.
REC-VSIT-0685,2025-07-02,2025-07,Visitors,Other,Canteen,Thin Carry Bag,2,9.1,Vendor supply delivery,No,Yes,High,Yes,Used paper container,Recycling Bin,5,Stationery purchase wrapped in plastic carry bag.
REC-VSIT-0267,2025-07-03,2025-07,Visitors,Other,Nearby Vendor Interaction,Thin Carry Bag,1,4.3,Food takeaway,Yes,No,Medium,No,Reused old plastic bag,Reused,4,Reused plastic bag brought from home.
REC-VSIT-0751,2025-07-03,2025-07,Vendors,Other,Library Area,Food Packaging Bag,1,5.2,Beverage container,No,No,High,Yes,None,Reused,5,Single snack item packed in thin polythene.
REC-VSIT-0781,2025-07-03,2025-07,Non-Teaching Staff,Administrative Staff,Canteen,Thin Carry Bag,1,4.3,Personal item storage,Yes,No,High,Yes,Carried cloth bag,Reused,4,Reused plastic bag brought from home.
REC-VSIT-0523,2025-07-04,2025-07,Students,BSc CS,Cafeteria,Thin Carry Bag,4,18.9,Personal item storage,No,Yes,Low,No,None,Reused,3,Student refused extra plastic bag and used backpack.
REC-VSIT-0137,2025-07-05,2025-07,Non-Teaching Staff,Administrative Staff,Cafeteria,Thin Carry Bag,4,16.8,Stationery purchase,No,Yes,High,Yes,Used paper container,Reused,4,Student refused extra plastic bag and used backpack.
REC-VSIT-0254,2025-07-05,2025-07,Teaching Staff,Teaching Staff,Student Activity Area,Food Packaging Bag,0,0,Beverage container,Yes,No,High,Yes,Reused old plastic bag,Reused,5,Event setup generated bulk plastic packaging waste.
REC-VSIT-0414,2025-07-05,2025-07,Visitors,Other,Campus Events,Large Carry Bag,3,41.6,Event material transport,No,Yes,Low,No,None,Dustbin,1,Single snack item packed in thin polythene.
REC-VSIT-0954,2025-07-05,2025-07,Non-Teaching Staff,Administrative Staff,Entrance / Exit,Thin Carry Bag,0,0,Document / book carrying,Yes,No,High,Yes,Carried cloth bag,Reused,4,Staff member carried reusable canvas tote bag.
REC-VSIT-0077,2025-07-06,2025-07,Visitors,Other,Canteen,Food Packaging Bag,3,15.8,Snack packaging,Yes,No,High,Yes,Carried cloth bag,Reused,5,Plastic bag discarded in general waste bin.
REC-VSIT-0613,2025-07-06,2025-07,Teaching Staff,Teaching Staff,Entrance / Exit,Thin Carry Bag,0,0,Snack packaging,Yes,No,High,Yes,Carried cloth bag,Reused,4,Observed during peak lunch rush hour.
REC-VSIT-0653,2025-07-07,2025-07,Non-Teaching Staff,Administrative Staff,Entrance / Exit,Food Packaging Bag,0,0,Snack packaging,Yes,No,High,Yes,Reused old plastic bag,Reused,5,Plastic bag discarded in general waste bin.
REC-VSIT-0907,2025-07-07,2025-07,Visitors,Other,Canteen,Medium Carry Bag,2,14.4,Document / book carrying,Yes,No,High,Yes,Carried cloth bag,Reused,5,Observed during peak lunch rush hour.
REC-VSIT-0953,2025-07-08,2025-07,Visitors,Other,Stationery Area,Shopping Bag,2,25,Stationery purchase,No,Yes,Medium,Yes,Used paper container,Dustbin,3,Staff member carried reusable canvas tote bag.
REC-VSIT-0280,2025-07-09,2025-07,Visitors,Other,Cafeteria,Medium Carry Bag,1,7.9,Snack packaging,Yes,No,High,Yes,Carried cloth bag,Reused,5,Single snack item packed in thin polythene.
REC-VSIT-0527,2025-07-09,2025-07,Visitors,Other,Administrative Area,Medium Carry Bag,0,0,Vendor supply delivery,Yes,No,Medium,No,Carried cloth bag,Reused,4,Reused plastic bag brought from home.
REC-VSIT-0199,2025-07-10,2025-07,Visitors,Other,Cafeteria,Food Packaging Bag,2,10.7,Beverage container,Yes,No,High,Yes,Reused old plastic bag,Reused,5,Single snack item packed in thin polythene.
REC-VSIT-0450,2025-07-10,2025-07,Non-Teaching Staff,Administrative Staff,Administrative Area,Thin Carry Bag,2,8.7,Event material transport,No,Yes,Low,No,None,Dustbin,3,Single snack item packed in thin polythene.
REC-VSIT-0136,2025-07-11,2025-07,Non-Teaching Staff,Administrative Staff,Stationery Area,Medium Carry Bag,1,7.3,Event material transport,No,No,Low,No,None,Littered,1,Vendor supplied food in double plastic bag.
REC-VSIT-0428,2025-07-11,2025-07,Non-Teaching Staff,Administrative Staff,Stationery Area,Shopping Bag,1,11.9,Beverage container,No,No,Low,No,None,Recycling Bin,1,Student refused extra plastic bag and used backpack.
REC-VSIT-0988,2025-07-11,2025-07,Visitors,Other,Student Activity Area,Large Carry Bag,3,44.6,Event material transport,No,No,High,Yes,None,Littered,4,Plastic bag discarded in general waste bin.
REC-VSIT-0999,2025-07-11,2025-07,Teaching Staff,Teaching Staff,Entrance / Exit,Large Carry Bag,1,14.1,Snack packaging,Yes,No,High,Yes,Carried cloth bag,Reused,5,Plastic bag discarded in general waste bin.
REC-VSIT-0313,2025-07-12,2025-07,Non-Teaching Staff,Administrative Staff,Campus Events,Medium Carry Bag,3,23.3,Document / book carrying,Yes,No,Medium,Yes,Reused old plastic bag,Reused,3,Observed during peak lunch rush hour.
REC-VSIT-0448,2025-07-12,2025-07,Non-Teaching Staff,Administrative Staff,Campus Events,Large Carry Bag,3,39.3,Beverage container,No,Yes,Low,No,None,Recycling Bin,1,Single snack item packed in thin polythene.
REC-VSIT-0016,2025-07-13,2025-07,Non-Teaching Staff,Administrative Staff,Canteen,Thin Carry Bag,0,0,Personal item storage,Yes,No,High,Yes,Reused old plastic bag,Reused,5,Vendor supplied food in double plastic bag.
REC-VSIT-0095,2025-07-13,2025-07,Non-Teaching Staff,Administrative Staff,Entrance / Exit,Thin Carry Bag,1,4.2,Document / book carrying,No,Yes,Medium,No,None,Reused,4,Event setup generated bulk plastic packaging waste.
REC-VSIT-0432,2025-07-14,2025-07,Students,BSc CS,Entrance / Exit,Other,0,0,Snack packaging,Yes,No,Medium,Yes,Carried cloth bag,Reused,4,Stationery purchase wrapped in plastic carry bag.
REC-VSIT-0534,2025-07-14,2025-07,Visitors,Other,Cafeteria,Medium Carry Bag,4,29.8,Document / book carrying,No,Yes,High,Yes,Used paper container,Dustbin,5,Event setup generated bulk plastic packaging waste.
REC-VSIT-0598,2025-07-14,2025-07,Visitors,Other,Stationery Area,Shopping Bag,0,0,Beverage container,Yes,No,Medium,Yes,Reused old plastic bag,Reused,4,Awareness poster displayed nearby; student opted out of plastic.
REC-VSIT-0919,2025-07-14,2025-07,Non-Teaching Staff,Administrative Staff,Cafeteria,Food Packaging Bag,1,5.4,Vendor supply delivery,Yes,No,High,Yes,Carried cloth bag,Reused,4,Stationery purchase wrapped in plastic carry bag.
REC-VSIT-0966,2025-07-14,2025-07,Students,BSc IT,Other,Shopping Bag,0,0,Snack packaging,Yes,No,Medium,No,Reused old plastic bag,Reused,4,Stationery purchase wrapped in plastic carry bag.
REC-VSIT-0386,2025-07-15,2025-07,Non-Teaching Staff,Administrative Staff,Nearby Vendor Interaction,Thin Carry Bag,2,9,Event material transport,Yes,No,Medium,No,Carried cloth bag,Reused,4,Observed during peak lunch rush hour.
REC-VSIT-0445,2025-07-16,2025-07,Non-Teaching Staff,Administrative Staff,Stationery Area,Thin Carry Bag,3,14.4,Vendor supply delivery,No,Yes,Medium,Yes,Refused plastic bag,Recycling Bin,4,Plastic bag discarded in general waste bin.
REC-VSIT-0539,2025-07-16,2025-07,Vendors,Other,Canteen,Food Packaging Bag,1,6,Vendor supply delivery,No,Yes,Medium,No,None,Recycling Bin,4,Awareness poster displayed nearby; student opted out of plastic.
REC-VSIT-0640,2025-07-17,2025-07,Students,BSc IT,Stationery Area,Thin Carry Bag,3,14.2,Vendor supply delivery,No,No,Low,No,None,Dustbin,1,Observed during peak lunch rush hour.
REC-VSIT-0005,2025-07-18,2025-07,Teaching Staff,Teaching Staff,Administrative Area,Medium Carry Bag,1,7.3,Stationery purchase,No,Yes,High,Yes,Used paper container,Dustbin,4,Observed during peak lunch rush hour.
REC-VSIT-0011,2025-07-18,2025-07,Visitors,Other,Library Area,Large Carry Bag,2,31.8,Beverage container,No,Yes,Medium,No,None,Reused,3,Awareness poster displayed nearby; student opted out of plastic.
REC-VSIT-0405,2025-07-18,2025-07,Non-Teaching Staff,Administrative Staff,Campus Events,Medium Carry Bag,3,24.1,Food takeaway,No,No,Medium,No,None,Recycling Bin,3,Plastic bag discarded in general waste bin.
REC-VSIT-0846,2025-07-18,2025-07,Students,BCA,Other,Thin Carry Bag,1,4.6,Snack packaging,No,No,Medium,Yes,None,Recycling Bin,4,Awareness poster displayed nearby; student opted out of plastic.
REC-VSIT-0226,2025-07-19,2025-07,Non-Teaching Staff,Administrative Staff,Campus Events,Large Carry Bag,5,73.2,Personal item storage,No,No,Low,No,None,Dustbin,3,Event setup generated bulk plastic packaging waste.
REC-VSIT-0350,2025-07-19,2025-07,Non-Teaching Staff,Administrative Staff,Campus Events,Large Carry Bag,2,27.6,Food takeaway,No,No,Medium,Yes,None,Dustbin,3,Plastic bag discarded in general waste bin.
REC-VSIT-0834,2025-07-19,2025-07,Students,MSc IT,Stationery Area,Shopping Bag,1,11.4,Food takeaway,Yes,No,Medium,Yes,Reused old plastic bag,Reused,4,Plastic bag discarded in general waste bin.
REC-VSIT-0995,2025-07-19,2025-07,Students,MSc IT,Nearby Vendor Interaction,Thin Carry Bag,0,0,Event material transport,Yes,No,Medium,Yes,Reused old plastic bag,Reused,3,Student refused extra plastic bag and used backpack.
REC-VSIT-1003,2025-07-19,2025-07,Students,BCA,Nearby Vendor Interaction,Thin Carry Bag,4,18.2,Food takeaway,No,Yes,High,Yes,Used paper container,Littered,4,Plastic bag discarded in general waste bin.
REC-VSIT-0061,2025-07-20,2025-07,Non-Teaching Staff,Administrative Staff,Library Area,Thin Carry Bag,0,0,Document / book carrying,Yes,No,High,Yes,Carried cloth bag,Reused,5,Student refused extra plastic bag and used backpack.
REC-VSIT-0335,2025-07-20,2025-07,Non-Teaching Staff,Administrative Staff,Campus Events,Large Carry Bag,23,338.6,Beverage container,No,Yes,Medium,No,None,Littered,4,Awareness poster displayed nearby; student opted out of plastic.
REC-VSIT-0738,2025-07-20,2025-07,Teaching Staff,Teaching Staff,Campus Events,Medium Carry Bag,3,25.7,Snack packaging,No,No,High,Yes,None,Reused,5,Plastic bag discarded in general waste bin.
REC-VSIT-0791,2025-07-20,2025-07,Non-Teaching Staff,Administrative Staff,Student Activity Area,Food Packaging Bag,0,0,Beverage container,Yes,No,Medium,Yes,Reused old plastic bag,Reused,4,Staff member carried reusable canvas tote bag.
REC-VSIT-0375,2025-07-21,2025-07,Non-Teaching Staff,Administrative Staff,Nearby Vendor Interaction,Food Packaging Bag,1,5.9,Food takeaway,Yes,No,High,Yes,Reused old plastic bag,Reused,4,Single snack item packed in thin polythene.
REC-VSIT-0411,2025-07-21,2025-07,Vendors,Other,Canteen,Thin Carry Bag,4,16.9,Event material transport,No,Yes,Medium,Yes,Refused plastic bag,Recycling Bin,4,Observed during peak lunch rush hour.
REC-VSIT-0799,2025-07-21,2025-07,Visitors,Other,Other,Shopping Bag,0,0,Vendor supply delivery,Yes,No,Medium,Yes,Carried cloth bag,Reused,3,Vendor supplied food in double plastic bag.
REC-VSIT-0976,2025-07-21,2025-07,Vendors,Other,Library Area,Medium Carry Bag,0,0,Snack packaging,Yes,No,High,Yes,Carried cloth bag,Reused,4,Plastic bag discarded in general waste bin.
REC-VSIT-0599,2025-07-22,2025-07,Teaching Staff,Teaching Staff,Campus Events,Large Carry Bag,10,157.7,Food takeaway,Yes,No,High,Yes,Reused old plastic bag,Reused,4,Plastic bag discarded in general waste bin.
REC-VSIT-0733,2025-07-22,2025-07,Vendors,Other,Other,Food Packaging Bag,0,0,Personal item storage,Yes,No,Medium,No,Carried cloth bag,Reused,3,Stationery purchase wrapped in plastic carry bag.
REC-VSIT-0171,2025-07-23,2025-07,Teaching Staff,Teaching Staff,Student Activity Area,Other,1,7.1,Personal item storage,No,Yes,High,Yes,Used paper container,Littered,5,Awareness poster displayed nearby; student opted out of plastic.
REC-VSIT-0427,2025-07-23,2025-07,Teaching Staff,Teaching Staff,Nearby Vendor Interaction,Shopping Bag,3,35.8,Document / book carrying,No,Yes,Medium,No,None,Dustbin,3,Student refused extra plastic bag and used backpack.
REC-VSIT-0569,2025-07-23,2025-07,Teaching Staff,Teaching Staff,Other,Shopping Bag,0,0,Event material transport,Yes,No,Medium,No,Carried cloth bag,Reused,3,Plastic bag discarded in general waste bin.
REC-VSIT-0829,2025-07-23,2025-07,Vendors,Other,Cafeteria,Food Packaging Bag,2,10.8,Document / book carrying,Yes,No,Medium,Yes,Carried cloth bag,Reused,4,Awareness poster displayed nearby; student opted out of plastic.
REC-VSIT-0480,2025-07-24,2025-07,Non-Teaching Staff,Administrative Staff,Other,Food Packaging Bag,0,0,Snack packaging,Yes,No,Medium,Yes,Carried cloth bag,Reused,4,Awareness poster displayed nearby; student opted out of plastic.
REC-VSIT-0836,2025-07-24,2025-07,Vendors,Other,Nearby Vendor Interaction,Other,3,22.5,Beverage container,No,Yes,Low,No,None,Recycling Bin,2,Observed during peak lunch rush hour.
REC-VSIT-0841,2025-07-25,2025-07,Vendors,Other,Student Activity Area,Thin Carry Bag,1,4.1,Beverage container,No,Yes,Low,No,None,Dustbin,3,Stationery purchase wrapped in plastic carry bag.
REC-VSIT-0860,2025-07-25,2025-07,Teaching Staff,Teaching Staff,Other,Medium Carry Bag,0,0,Stationery purchase,Yes,No,Medium,No,Reused old plastic bag,Reused,4,Plastic bag discarded in general waste bin.
REC-VSIT-0659,2025-07-26,2025-07,Teaching Staff,Teaching Staff,Library Area,Medium Carry Bag,2,17.3,Food takeaway,No,Yes,Medium,No,None,Dustbin,3,Vendor supplied food in double plastic bag.
REC-VSIT-0868,2025-07-26,2025-07,Visitors,Other,Entrance / Exit,Large Carry Bag,1,13.7,Beverage container,No,Yes,High,Yes,Used paper container,Reused,4,Vendor supplied food in double plastic bag.
REC-VSIT-0998,2025-07-26,2025-07,Non-Teaching Staff,Administrative Staff,Campus Events,Medium Carry Bag,4,28.9,Food takeaway,No,Yes,Medium,No,None,Littered,4,Observed during peak lunch rush hour.
REC-VSIT-0195,2025-07-27,2025-07,Visitors,Other,Campus Events,Large Carry Bag,6,80.2,Stationery purchase,No,Yes,Low,No,None,Recycling Bin,1,Stationery purchase wrapped in plastic carry bag.
REC-VSIT-0250,2025-07-27,2025-07,Students,MSc IT,Cafeteria,Food Packaging Bag,0,0,Vendor supply delivery,Yes,No,High,Yes,Reused old plastic bag,Reused,4,Event setup generated bulk plastic packaging waste.
REC-VSIT-0376,2025-07-27,2025-07,Students,BSc CS,Campus Events,Large Carry Bag,4,62.5,Personal item storage,Yes,No,High,Yes,Carried cloth bag,Reused,4,Reused plastic bag brought from home.
REC-VSIT-0439,2025-07-27,2025-07,Teaching Staff,Teaching Staff,Nearby Vendor Interaction,Other,0,0,Snack packaging,Yes,No,Medium,No,Reused old plastic bag,Reused,3,Awareness poster displayed nearby; student opted out of plastic.
REC-VSIT-0488,2025-07-27,2025-07,Visitors,Other,Canteen,Medium Carry Bag,0,0,Document / book carrying,Yes,No,Medium,Yes,Carried cloth bag,Reused,4,Vendor supplied food in double plastic bag.
REC-VSIT-0902,2025-07-27,2025-07,Students,MSc IT,Library Area,Other,0,0,Vendor supply delivery,Yes,No,Medium,Yes,Reused old plastic bag,Reused,3,Stationery purchase wrapped in plastic carry bag.
REC-VSIT-1001,2025-07-27,2025-07,Teaching Staff,Teaching Staff,Canteen,Medium Carry Bag,3,23.1,Vendor supply delivery,Yes,No,High,Yes,Carried cloth bag,Reused,5,Stationery purchase wrapped in plastic carry bag.
REC-VSIT-0056,2025-07-28,2025-07,Non-Teaching Staff,Administrative Staff,Canteen,Thin Carry Bag,2,8.2,Food takeaway,No,Yes,Medium,Yes,Refused plastic bag,Dustbin,4,Student refused extra plastic bag and used backpack.
REC-VSIT-0519,2025-07-28,2025-07,Vendors,Other,Student Activity Area,Thin Carry Bag,2,8.9,Event material transport,No,Yes,Medium,Yes,Used paper container,Recycling Bin,3,Student refused extra plastic bag and used backpack.
REC-VSIT-0582,2025-07-28,2025-07,Teaching Staff,Teaching Staff,Campus Events,Medium Carry Bag,3,21.7,Snack packaging,No,No,High,Yes,None,Reused,4,Student refused extra plastic bag and used backpack.
REC-VSIT-0668,2025-07-28,2025-07,Vendors,Other,Nearby Vendor Interaction,Large Carry Bag,1,14.1,Personal item storage,No,No,High,Yes,None,Recycling Bin,4,Stationery purchase wrapped in plastic carry bag.
REC-VSIT-0715,2025-07-28,2025-07,Students,MSc IT,Entrance / Exit,Large Carry Bag,2,28.5,Food takeaway,No,Yes,Low,No,None,Littered,2,Plastic bag discarded in general waste bin.
REC-VSIT-0122,2025-07-30,2025-07,Students,BCA,Other,Shopping Bag,0,0,Vendor supply delivery,Yes,No,High,Yes,Reused old plastic bag,Reused,5,Plastic bag discarded in general waste bin.
REC-VSIT-0755,2025-07-30,2025-07,Teaching Staff,Teaching Staff,Nearby Vendor Interaction,Other,1,7.4,Vendor supply delivery,No,Yes,Medium,Yes,Refused plastic bag,Recycling Bin,3,Reused plastic bag brought from home.
REC-VSIT-0971,2025-07-30,2025-07,Teaching Staff,Teaching Staff,Other,Food Packaging Bag,2,11.4,Personal item storage,No,Yes,Medium,Yes,Used paper container,Reused,4,Event setup generated bulk plastic packaging waste.
REC-VSIT-0245,2025-07-31,2025-07,Non-Teaching Staff,Administrative Staff,Nearby Vendor Interaction,Thin Carry Bag,1,4.8,Event material transport,No,Yes,High,Yes,Refused plastic bag,Dustbin,4,Single snack item packed in thin polythene.
REC-VSIT-0644,2025-07-31,2025-07,Vendors,Other,Stationery Area,Medium Carry Bag,2,17.5,Event material transport,No,Yes,Low,No,None,Dustbin,3,Vendor supplied food in double plastic bag.
REC-VSIT-0688,2025-08-01,2025-08,Visitors,Other,Nearby Vendor Interaction,Other,0,0,Document / book carrying,Yes,No,High,Yes,Reused old plastic bag,Reused,5,Plastic bag discarded in general waste bin.
REC-VSIT-0028,2025-08-02,2025-08,Students,BCA,Student Activity Area,Food Packaging Bag,1,5.2,Event material transport,Yes,No,High,Yes,Carried cloth bag,Reused,4,Vendor supplied food in double plastic bag.
REC-VSIT-0420,2025-08-02,2025-08,Visitors,Other,Campus Events,Medium Carry Bag,3,22.4,Stationery purchase,No,Yes,Low,No,None,Reused,1,Observed during peak lunch rush hour.
REC-VSIT-0912,2025-08-02,2025-08,Vendors,Other,Nearby Vendor Interaction,Shopping Bag,2,23.5,Stationery purchase,No,Yes,Low,No,None,Dustbin,3,Stationery purchase wrapped in plastic carry bag.
REC-VSIT-1023,2025-08-02,2025-08,Teaching Staff,Teaching Staff,Nearby Vendor Interaction,Large Carry Bag,2,30.9,Snack packaging,No,No,Low,No,None,Dustbin,3,Event setup generated bulk plastic packaging waste.
REC-VSIT-0027,2025-08-03,2025-08,Teaching Staff,Teaching Staff,Cafeteria,Thin Carry Bag,2,8.5,Personal item storage,Yes,No,High,Yes,Reused old plastic bag,Reused,4,Single snack item packed in thin polythene.
REC-VSIT-0595,2025-08-03,2025-08,Non-Teaching Staff,Administrative Staff,Canteen,Medium Carry Bag,3,26.2,Snack packaging,No,No,Medium,Yes,None,Dustbin,4,Student refused extra plastic bag and used backpack.
REC-VSIT-0206,2025-08-04,2025-08,Non-Teaching Staff,Administrative Staff,Other,Other,0,0,Event material transport,Yes,No,Medium,Yes,Carried cloth bag,Reused,3,Awareness poster displayed nearby; student opted out of plastic.
REC-VSIT-0778,2025-08-04,2025-08,Students,MSc IT,Other,Other,1,7.2,Snack packaging,No,Yes,Low,No,None,Dustbin,3,Vendor supplied food in double plastic bag.
REC-VSIT-0463,2025-08-05,2025-08,Vendors,Other,Library Area,Medium Carry Bag,1,7.5,Stationery purchase,No,Yes,Medium,Yes,Refused plastic bag,Littered,4,Observed during peak lunch rush hour.
REC-VSIT-0396,2025-08-06,2025-08,Visitors,Other,Entrance / Exit,Food Packaging Bag,0,0,Beverage container,Yes,No,Medium,Yes,Reused old plastic bag,Reused,4,Staff member carried reusable canvas tote bag.
REC-VSIT-0587,2025-08-06,2025-08,Students,MSc IT,Canteen,Thin Carry Bag,2,9.5,Snack packaging,Yes,No,Medium,No,Carried cloth bag,Reused,3,Event setup generated bulk plastic packaging waste.
REC-VSIT-0423,2025-08-07,2025-08,Teaching Staff,Teaching Staff,Entrance / Exit,Medium Carry Bag,1,8.6,Vendor supply delivery,No,No,Low,No,None,Littered,3,Observed during peak lunch rush hour.
REC-VSIT-0884,2025-08-08,2025-08,Teaching Staff,Teaching Staff,Student Activity Area,Large Carry Bag,2,28.7,Snack packaging,Yes,No,Medium,Yes,Reused old plastic bag,Reused,3,Stationery purchase wrapped in plastic carry bag.
REC-VSIT-0070,2025-08-09,2025-08,Vendors,Other,Library Area,Food Packaging Bag,1,5.7,Snack packaging,No,Yes,Low,No,None,Littered,2,Reused plastic bag brought from home.
REC-VSIT-0908,2025-08-09,2025-08,Non-Teaching Staff,Administrative Staff,Stationery Area,Thin Carry Bag,1,4.5,Stationery purchase,No,Yes,Low,No,None,Reused,1,Plastic bag discarded in general waste bin.
REC-VSIT-0624,2025-08-10,2025-08,Vendors,Other,Canteen,Medium Carry Bag,1,7.4,Event material transport,No,Yes,Low,No,None,Dustbin,1,Reused plastic bag brought from home.
REC-VSIT-0666,2025-08-10,2025-08,Vendors,Other,Entrance / Exit,Food Packaging Bag,0,0,Personal item storage,Yes,No,Medium,Yes,Carried cloth bag,Reused,3,Awareness poster displayed nearby; student opted out of plastic.
REC-VSIT-1040,2025-08-10,2025-08,Teaching Staff,Teaching Staff,Other,Food Packaging Bag,1,5.2,Food takeaway,No,No,High,Yes,None,Reused,4,Event setup generated bulk plastic packaging waste.
REC-VSIT-0303,2025-08-11,2025-08,Visitors,Other,Cafeteria,Food Packaging Bag,2,11.2,Food takeaway,Yes,No,High,Yes,Reused old plastic bag,Reused,4,Reused plastic bag brought from home.
REC-VSIT-0551,2025-08-11,2025-08,Students,MSc IT,Canteen,Food Packaging Bag,1,5,Personal item storage,No,Yes,Medium,No,None,Dustbin,3,Staff member carried reusable canvas tote bag.
REC-VSIT-0746,2025-08-11,2025-08,Vendors,Other,Administrative Area,Thin Carry Bag,1,4.6,Personal item storage,No,Yes,High,Yes,Refused plastic bag,Dustbin,5,Reused plastic bag brought from home.
REC-VSIT-0891,2025-08-11,2025-08,Non-Teaching Staff,Administrative Staff,Library Area,Medium Carry Bag,0,0,Beverage container,Yes,No,High,Yes,Reused old plastic bag,Reused,4,Stationery purchase wrapped in plastic carry bag.
REC-VSIT-0216,2025-08-12,2025-08,Teaching Staff,Teaching Staff,Stationery Area,Thin Carry Bag,0,0,Beverage container,Yes,No,High,Yes,Carried cloth bag,Reused,5,Plastic bag discarded in general waste bin.
REC-VSIT-0220,2025-08-12,2025-08,Teaching Staff,Teaching Staff,Nearby Vendor Interaction,Large Carry Bag,0,0,Event material transport,Yes,No,Medium,No,Reused old plastic bag,Reused,4,Student refused extra plastic bag and used backpack.
REC-VSIT-0754,2025-08-12,2025-08,Visitors,Other,Library Area,Food Packaging Bag,2,11,Document / book carrying,No,Yes,Low,No,None,Littered,2,Awareness poster displayed nearby; student opted out of plastic.
REC-VSIT-0886,2025-08-12,2025-08,Teaching Staff,Teaching Staff,Library Area,Thin Carry Bag,0,0,Food takeaway,Yes,No,High,Yes,Reused old plastic bag,Reused,4,Reused plastic bag brought from home.
REC-VSIT-0897,2025-08-12,2025-08,Non-Teaching Staff,Administrative Staff,Stationery Area,Thin Carry Bag,1,4.1,Document / book carrying,Yes,No,High,Yes,Carried cloth bag,Reused,5,Student refused extra plastic bag and used backpack.
REC-VSIT-0913,2025-08-12,2025-08,Visitors,Other,Other,Medium Carry Bag,0,0,Stationery purchase,Yes,No,High,Yes,Reused old plastic bag,Reused,4,Student refused extra plastic bag and used backpack.
REC-VSIT-0221,2025-08-13,2025-08,Visitors,Other,Stationery Area,Shopping Bag,2,26,Personal item storage,No,Yes,High,Yes,Refused plastic bag,Littered,5,Reused plastic bag brought from home.
REC-VSIT-0422,2025-08-13,2025-08,Non-Teaching Staff,Administrative Staff,Administrative Area,Shopping Bag,1,12.3,Event material transport,No,Yes,High,Yes,Refused plastic bag,Recycling Bin,4,Reused plastic bag brought from home.
REC-VSIT-0641,2025-08-13,2025-08,Non-Teaching Staff,Administrative Staff,Campus Events,Large Carry Bag,1,13.2,Personal item storage,Yes,No,Medium,No,Carried cloth bag,Reused,3,Event setup generated bulk plastic packaging waste.
REC-VSIT-0702,2025-08-13,2025-08,Non-Teaching Staff,Administrative Staff,Stationery Area,Medium Carry Bag,1,8.2,Food takeaway,No,Yes,Low,No,None,Littered,2,Observed during peak lunch rush hour.
REC-VSIT-0964,2025-08-13,2025-08,Teaching Staff,Teaching Staff,Campus Events,Food Packaging Bag,4,21.4,Snack packaging,No,Yes,Medium,No,None,Recycling Bin,3,Plastic bag discarded in general waste bin.
REC-VSIT-0227,2025-08-14,2025-08,Visitors,Other,Nearby Vendor Interaction,Shopping Bag,3,38.4,Food takeaway,No,Yes,Low,No,None,Dustbin,3,Stationery purchase wrapped in plastic carry bag.
REC-VSIT-0782,2025-08-14,2025-08,Teaching Staff,Teaching Staff,Campus Events,Large Carry Bag,21,330.6,Stationery purchase,No,No,Medium,Yes,None,Littered,4,Reused plastic bag brought from home.
REC-VSIT-0231,2025-08-16,2025-08,Non-Teaching Staff,Administrative Staff,Cafeteria,Medium Carry Bag,1,7.7,Stationery purchase,Yes,No,High,Yes,Reused old plastic bag,Reused,4,Event setup generated bulk plastic packaging waste.
REC-VSIT-0412,2025-08-16,2025-08,Non-Teaching Staff,Administrative Staff,Other,Large Carry Bag,1,14,Beverage container,No,Yes,Medium,No,None,Littered,4,Awareness poster displayed nearby; student opted out of plastic.
REC-VSIT-0559,2025-08-16,2025-08,Visitors,Other,Stationery Area,Medium Carry Bag,2,14.6,Event material transport,No,Yes,Low,No,None,Recycling Bin,3,Reused plastic bag brought from home.
REC-VSIT-0704,2025-08-16,2025-08,Non-Teaching Staff,Administrative Staff,Entrance / Exit,Shopping Bag,1,11.9,Document / book carrying,No,Yes,High,Yes,Used paper container,Reused,5,Awareness poster displayed nearby; student opted out of plastic.
REC-VSIT-0194,2025-08-17,2025-08,Students,BCA,Entrance / Exit,Large Carry Bag,0,0,Vendor supply delivery,Yes,No,Medium,Yes,Carried cloth bag,Reused,3,Plastic bag discarded in general waste bin.
REC-VSIT-0402,2025-08-17,2025-08,Vendors,Other,Campus Events,Food Packaging Bag,2,11.2,Beverage container,No,No,Low,No,None,Reused,1,Staff member carried reusable canvas tote bag.
REC-VSIT-0022,2025-08-18,2025-08,Teaching Staff,Teaching Staff,Stationery Area,Shopping Bag,1,12.2,Event material transport,No,Yes,High,Yes,Refused plastic bag,Littered,5,Staff member carried reusable canvas tote bag.
REC-VSIT-0570,2025-08-20,2025-08,Teaching Staff,Teaching Staff,Administrative Area,Other,1,7.1,Beverage container,No,Yes,Low,No,None,Recycling Bin,3,Staff member carried reusable canvas tote bag.
REC-VSIT-0192,2025-08-21,2025-08,Non-Teaching Staff,Administrative Staff,Nearby Vendor Interaction,Food Packaging Bag,1,5.1,Stationery purchase,Yes,No,High,Yes,Reused old plastic bag,Reused,5,Observed during peak lunch rush hour.
REC-VSIT-0542,2025-08-21,2025-08,Non-Teaching Staff,Administrative Staff,Library Area,Medium Carry Bag,0,0,Beverage container,Yes,No,High,Yes,Reused old plastic bag,Reused,5,Single snack item packed in thin polythene.
REC-VSIT-0589,2025-08-21,2025-08,Vendors,Other,Student Activity Area,Shopping Bag,2,23.7,Document / book carrying,No,No,High,Yes,None,Littered,4,Plastic bag discarded in general waste bin.
REC-VSIT-0812,2025-08-21,2025-08,Visitors,Other,Campus Events,Large Carry Bag,23,338.6,Personal item storage,Yes,No,High,Yes,Carried cloth bag,Reused,5,Stationery purchase wrapped in plastic carry bag.
REC-VSIT-0900,2025-08-21,2025-08,Visitors,Other,Canteen,Food Packaging Bag,4,20.3,Event material transport,No,No,High,Yes,None,Recycling Bin,5,Vendor supplied food in double plastic bag.
REC-VSIT-0904,2025-08-21,2025-08,Teaching Staff,Teaching Staff,Stationery Area,Medium Carry Bag,1,8.5,Food takeaway,Yes,No,High,Yes,Reused old plastic bag,Reused,5,Vendor supplied food in double plastic bag.
REC-VSIT-0266,2025-08-22,2025-08,Students,BSc IT,Other,Thin Carry Bag,0,0,Vendor supply delivery,Yes,No,High,Yes,Reused old plastic bag,Reused,5,Student refused extra plastic bag and used backpack.
REC-VSIT-0300,2025-08-22,2025-08,Vendors,Other,Canteen,Medium Carry Bag,3,23.9,Personal item storage,No,Yes,Low,No,None,Recycling Bin,1,Awareness poster displayed nearby; student opted out of plastic.
REC-VSIT-0329,2025-08-22,2025-08,Teaching Staff,Teaching Staff,Nearby Vendor Interaction,Large Carry Bag,2,30.7,Event material transport,No,Yes,Low,No,None,Recycling Bin,2,Staff member carried reusable canvas tote bag.
REC-VSIT-0478,2025-08-22,2025-08,Visitors,Other,Student Activity Area,Large Carry Bag,1,15.7,Food takeaway,Yes,No,High,Yes,Carried cloth bag,Reused,5,Staff member carried reusable canvas tote bag.
REC-VSIT-0574,2025-08-22,2025-08,Vendors,Other,Canteen,Thin Carry Bag,0,0,Snack packaging,Yes,No,High,Yes,Carried cloth bag,Reused,4,Reused plastic bag brought from home.
REC-VSIT-0977,2025-08-22,2025-08,Visitors,Other,Other,Shopping Bag,1,11.3,Event material transport,No,Yes,Medium,No,None,Recycling Bin,4,Observed during peak lunch rush hour.
REC-VSIT-0090,2025-08-23,2025-08,Vendors,Other,Administrative Area,Other,0,0,Event material transport,Yes,No,High,Yes,Reused old plastic bag,Reused,4,Observed during peak lunch rush hour.
REC-VSIT-0268,2025-08-23,2025-08,Vendors,Other,Stationery Area,Shopping Bag,2,23.7,Document / book carrying,No,Yes,Low,No,None,Dustbin,2,Student refused extra plastic bag and used backpack.
REC-VSIT-0337,2025-08-23,2025-08,Students,MSc IT,Canteen,Thin Carry Bag,1,4.1,Stationery purchase,No,Yes,Medium,Yes,Refused plastic bag,Dustbin,4,Observed during peak lunch rush hour.
REC-VSIT-0674,2025-08-23,2025-08,Non-Teaching Staff,Administrative Staff,Stationery Area,Shopping Bag,2,25.2,Vendor supply delivery,Yes,No,High,Yes,Carried cloth bag,Reused,5,Single snack item packed in thin polythene.
REC-VSIT-0944,2025-08-23,2025-08,Teaching Staff,Teaching Staff,Other,Other,0,0,Vendor supply delivery,Yes,No,Medium,No,Carried cloth bag,Reused,3,Student refused extra plastic bag and used backpack.
REC-VSIT-1046,2025-08-23,2025-08,Non-Teaching Staff,Administrative Staff,Other,Thin Carry Bag,2,9.4,Personal item storage,No,Yes,High,Yes,Refused plastic bag,Dustbin,4,Vendor supplied food in double plastic bag.
REC-VSIT-0064,2025-08-24,2025-08,Students,MSc IT,Student Activity Area,Shopping Bag,0,0,Vendor supply delivery,Yes,No,High,Yes,Carried cloth bag,Reused,4,Plastic bag discarded in general waste bin.
REC-VSIT-0179,2025-08-24,2025-08,Visitors,Other,Canteen,Thin Carry Bag,1,4.6,Personal item storage,No,Yes,Low,No,None,Dustbin,3,Event setup generated bulk plastic packaging waste.
REC-VSIT-0849,2025-08-24,2025-08,Students,BSc CS,Other,Other,1,6.8,Food takeaway,No,Yes,Medium,Yes,Used paper container,Littered,3,Awareness poster displayed nearby; student opted out of plastic.
REC-VSIT-0435,2025-08-25,2025-08,Teaching Staff,Teaching Staff,Student Activity Area,Shopping Bag,2,24.9,Snack packaging,No,Yes,Medium,Yes,Used paper container,Reused,4,Student refused extra plastic bag and used backpack.
REC-VSIT-0533,2025-08-26,2025-08,Visitors,Other,Stationery Area,Thin Carry Bag,1,4.1,Event material transport,No,Yes,Medium,No,None,Dustbin,3,Plastic bag discarded in general waste bin.
REC-VSIT-0058,2025-08-27,2025-08,Teaching Staff,Teaching Staff,Other,Shopping Bag,0,0,Stationery purchase,Yes,No,Medium,No,Reused old plastic bag,Reused,3,Plastic bag discarded in general waste bin.
REC-VSIT-0388,2025-08-27,2025-08,Teaching Staff,Teaching Staff,Canteen,Medium Carry Bag,2,17.4,Stationery purchase,No,Yes,High,Yes,Used paper container,Dustbin,4,Vendor supplied food in double plastic bag.
REC-VSIT-0764,2025-08-27,2025-08,Vendors,Other,Nearby Vendor Interaction,Thin Carry Bag,0,0,Food takeaway,Yes,No,High,Yes,Carried cloth bag,Reused,5,Single snack item packed in thin polythene.
REC-VSIT-0773,2025-08-27,2025-08,Non-Teaching Staff,Administrative Staff,Stationery Area,Shopping Bag,0,0,Stationery purchase,Yes,No,High,Yes,Carried cloth bag,Reused,5,Stationery purchase wrapped in plastic carry bag.
REC-VSIT-0815,2025-08-27,2025-08,Vendors,Other,Cafeteria,Medium Carry Bag,1,7.3,Personal item storage,No,No,Medium,No,None,Recycling Bin,3,Event setup generated bulk plastic packaging waste.
REC-VSIT-0290,2025-08-28,2025-08,Visitors,Other,Campus Events,Food Packaging Bag,5,27.5,Vendor supply delivery,Yes,No,Medium,Yes,Carried cloth bag,Reused,4,Plastic bag discarded in general waste bin.
REC-VSIT-0348,2025-08-28,2025-08,Non-Teaching Staff,Administrative Staff,Cafeteria,Medium Carry Bag,0,0,Snack packaging,Yes,No,High,Yes,Carried cloth bag,Reused,4,Stationery purchase wrapped in plastic carry bag.
REC-VSIT-1047,2025-08-28,2025-08,Vendors,Other,Administrative Area,Other,1,6.5,Vendor supply delivery,No,Yes,High,Yes,Refused plastic bag,Recycling Bin,5,Vendor supplied food in double plastic bag.
REC-VSIT-0611,2025-08-29,2025-08,Teaching Staff,Teaching Staff,Student Activity Area,Other,1,6.6,Stationery purchase,Yes,No,Medium,Yes,Carried cloth bag,Reused,3,Observed during peak lunch rush hour.
REC-VSIT-0951,2025-08-29,2025-08,Vendors,Other,Administrative Area,Large Carry Bag,2,31.2,Food takeaway,No,Yes,Low,No,None,Recycling Bin,3,Stationery purchase wrapped in plastic carry bag.
REC-VSIT-0983,2025-08-29,2025-08,Teaching Staff,Teaching Staff,Entrance / Exit,Large Carry Bag,0,0,Stationery purchase,Yes,No,High,Yes,Reused old plastic bag,Reused,4,Event setup generated bulk plastic packaging waste.
REC-VSIT-0387,2025-08-30,2025-08,Non-Teaching Staff,Administrative Staff,Entrance / Exit,Medium Carry Bag,2,14.5,Event material transport,No,Yes,High,Yes,Used paper container,Reused,4,Vendor supplied food in double plastic bag.
REC-VSIT-0679,2025-08-30,2025-08,Students,BCA,Cafeteria,Medium Carry Bag,1,7.3,Beverage container,Yes,No,Medium,Yes,Carried cloth bag,Reused,3,Single snack item packed in thin polythene.
REC-VSIT-0848,2025-08-30,2025-08,Students,BCA,Entrance / Exit,Other,0,0,Vendor supply delivery,Yes,No,High,Yes,Carried cloth bag,Reused,5,Staff member carried reusable canvas tote bag.
REC-VSIT-1022,2025-08-30,2025-08,Students,BSc IT,Entrance / Exit,Medium Carry Bag,0,0,Event material transport,Yes,No,Medium,No,Carried cloth bag,Reused,4,Staff member carried reusable canvas tote bag.
REC-VSIT-0304,2025-08-31,2025-08,Teaching Staff,Teaching Staff,Administrative Area,Large Carry Bag,1,13.2,Snack packaging,No,Yes,High,Yes,Used paper container,Dustbin,4,Plastic bag discarded in general waste bin.
REC-VSIT-0608,2025-08-31,2025-08,Vendors,Other,Nearby Vendor Interaction,Large Carry Bag,1,15.5,Snack packaging,No,No,Medium,Yes,None,Recycling Bin,3,Plastic bag discarded in general waste bin.
REC-VSIT-0628,2025-08-31,2025-08,Vendors,Other,Campus Events,Large Carry Bag,2,30.5,Document / book carrying,Yes,No,High,Yes,Carried cloth bag,Reused,5,Event setup generated bulk plastic packaging waste.
REC-VSIT-0665,2025-08-31,2025-08,Vendors,Other,Nearby Vendor Interaction,Thin Carry Bag,3,13.3,Food takeaway,No,No,Low,No,None,Littered,3,Observed during peak lunch rush hour.
REC-VSIT-0710,2025-08-31,2025-08,Teaching Staff,Teaching Staff,Campus Events,Food Packaging Bag,5,26.1,Food takeaway,No,Yes,Medium,No,None,Recycling Bin,3,Reused plastic bag brought from home.
REC-VSIT-0714,2025-08-31,2025-08,Students,MSc IT,Cafeteria,Medium Carry Bag,1,8.4,Stationery purchase,No,Yes,High,Yes,Refused plastic bag,Reused,5,Plastic bag discarded in general waste bin.
REC-VSIT-0845,2025-08-31,2025-08,Students,BSc IT,Nearby Vendor Interaction,Medium Carry Bag,2,17.2,Document / book carrying,No,No,Low,No,None,Reused,1,Awareness poster displayed nearby; student opted out of plastic.
REC-VSIT-0017,2025-09-01,2025-09,Visitors,Other,Stationery Area,Shopping Bag,2,25,Stationery purchase,Yes,No,High,Yes,Reused old plastic bag,Reused,5,Event setup generated bulk plastic packaging waste.
REC-VSIT-0116,2025-09-01,2025-09,Visitors,Other,Administrative Area,Food Packaging Bag,0,0,Beverage container,Yes,No,High,Yes,Carried cloth bag,Reused,5,Stationery purchase wrapped in plastic carry bag.
REC-VSIT-0210,2025-09-01,2025-09,Students,BSc CS,Student Activity Area,Large Carry Bag,3,43.6,Snack packaging,No,Yes,High,Yes,Used paper container,Littered,5,Staff member carried reusable canvas tote bag.
REC-VSIT-1016,2025-09-01,2025-09,Teaching Staff,Teaching Staff,Nearby Vendor Interaction,Other,3,23,Food takeaway,No,Yes,Medium,No,None,Dustbin,4,Plastic bag discarded in general waste bin.
REC-VSIT-0602,2025-09-02,2025-09,Visitors,Other,Administrative Area,Thin Carry Bag,0,0,Snack packaging,Yes,No,Medium,No,Carried cloth bag,Reused,3,Student refused extra plastic bag and used backpack.
REC-VSIT-0091,2025-09-03,2025-09,Students,BSc CS,Student Activity Area,Thin Carry Bag,1,4.5,Document / book carrying,No,No,High,Yes,None,Dustbin,5,Reused plastic bag brought from home.
REC-VSIT-0184,2025-09-03,2025-09,Vendors,Other,Student Activity Area,Food Packaging Bag,0,0,Event material transport,Yes,No,High,Yes,Reused old plastic bag,Reused,5,Staff member carried reusable canvas tote bag.
REC-VSIT-0438,2025-09-03,2025-09,Visitors,Other,Administrative Area,Food Packaging Bag,0,0,Document / book carrying,Yes,No,High,Yes,Reused old plastic bag,Reused,5,Stationery purchase wrapped in plastic carry bag.
REC-VSIT-0213,2025-09-04,2025-09,Visitors,Other,Administrative Area,Large Carry Bag,1,13.2,Stationery purchase,No,Yes,Low,No,None,Dustbin,3,Awareness poster displayed nearby; student opted out of plastic.
REC-VSIT-0298,2025-09-04,2025-09,Visitors,Other,Student Activity Area,Shopping Bag,1,11.5,Document / book carrying,No,Yes,Medium,Yes,Refused plastic bag,Reused,4,Reused plastic bag brought from home.
REC-VSIT-0338,2025-09-04,2025-09,Visitors,Other,Student Activity Area,Shopping Bag,3,38.7,Food takeaway,No,Yes,Medium,Yes,Refused plastic bag,Reused,3,Staff member carried reusable canvas tote bag.
REC-VSIT-0431,2025-09-04,2025-09,Teaching Staff,Teaching Staff,Nearby Vendor Interaction,Large Carry Bag,2,28.8,Document / book carrying,Yes,No,High,Yes,Carried cloth bag,Reused,5,Stationery purchase wrapped in plastic carry bag.
REC-VSIT-0591,2025-09-04,2025-09,Teaching Staff,Teaching Staff,Other,Thin Carry Bag,0,0,Beverage container,Yes,No,High,Yes,Reused old plastic bag,Reused,4,Observed during peak lunch rush hour.
REC-VSIT-0990,2025-09-04,2025-09,Vendors,Other,Entrance / Exit,Other,0,0,Beverage container,Yes,No,High,Yes,Carried cloth bag,Reused,5,Stationery purchase wrapped in plastic carry bag.
REC-VSIT-0187,2025-09-05,2025-09,Students,BCA,Student Activity Area,Medium Carry Bag,2,14.7,Vendor supply delivery,No,Yes,Medium,No,None,Recycling Bin,3,Student refused extra plastic bag and used backpack.
REC-VSIT-0511,2025-09-05,2025-09,Students,BCA,Library Area,Thin Carry Bag,1,4.8,Food takeaway,No,Yes,Low,No,None,Littered,1,Single snack item packed in thin polythene.
REC-VSIT-0561,2025-09-05,2025-09,Visitors,Other,Nearby Vendor Interaction,Thin Carry Bag,0,0,Stationery purchase,Yes,No,Medium,Yes,Carried cloth bag,Reused,4,Staff member carried reusable canvas tote bag.
REC-VSIT-0047,2025-09-06,2025-09,Visitors,Other,Nearby Vendor Interaction,Food Packaging Bag,3,17.3,Snack packaging,Yes,No,Medium,No,Reused old plastic bag,Reused,3,Student refused extra plastic bag and used backpack.
REC-VSIT-0240,2025-09-06,2025-09,Non-Teaching Staff,Administrative Staff,Stationery Area,Thin Carry Bag,1,4.7,Snack packaging,Yes,No,High,Yes,Carried cloth bag,Reused,5,Awareness poster displayed nearby; student opted out of plastic.
REC-VSIT-0293,2025-09-07,2025-09,Teaching Staff,Teaching Staff,Nearby Vendor Interaction,Shopping Bag,2,25.1,Stationery purchase,No,Yes,Medium,Yes,Refused plastic bag,Littered,3,Staff member carried reusable canvas tote bag.
REC-VSIT-0576,2025-09-08,2025-09,Visitors,Other,Stationery Area,Medium Carry Bag,0,0,Vendor supply delivery,Yes,No,High,Yes,Reused old plastic bag,Reused,5,Staff member carried reusable canvas tote bag.
REC-VSIT-1049,2025-09-08,2025-09,Vendors,Other,Cafeteria,Food Packaging Bag,2,10.9,Food takeaway,Yes,No,High,Yes,Carried cloth bag,Reused,4,Student refused extra plastic bag and used backpack.
REC-VSIT-0155,2025-09-11,2025-09,Students,MSc IT,Canteen,Medium Carry Bag,3,22.5,Beverage container,Yes,No,High,Yes,Carried cloth bag,Reused,4,Student refused extra plastic bag and used backpack.
REC-VSIT-0643,2025-09-11,2025-09,Teaching Staff,Teaching Staff,Other,Large Carry Bag,0,0,Snack packaging,Yes,No,Medium,No,Reused old plastic bag,Reused,4,Staff member carried reusable canvas tote bag.
REC-VSIT-0349,2025-09-13,2025-09,Non-Teaching Staff,Administrative Staff,Library Area,Medium Carry Bag,0,0,Personal item storage,Yes,No,High,Yes,Reused old plastic bag,Reused,5,Vendor supplied food in double plastic bag.
REC-VSIT-0762,2025-09-13,2025-09,Vendors,Other,Canteen,Food Packaging Bag,2,11.7,Stationery purchase,Yes,No,High,Yes,Carried cloth bag,Reused,4,Reused plastic bag brought from home.
REC-VSIT-0890,2025-09-13,2025-09,Students,BCA,Nearby Vendor Interaction,Other,0,0,Personal item storage,Yes,No,Medium,No,Reused old plastic bag,Reused,4,Vendor supplied food in double plastic bag.
REC-VSIT-0278,2025-09-14,2025-09,Visitors,Other,Campus Events,Large Carry Bag,4,63,Beverage container,No,Yes,Low,No,None,Littered,1,Reused plastic bag brought from home.
REC-VSIT-0429,2025-09-14,2025-09,Visitors,Other,Campus Events,Medium Carry Bag,4,32.6,Document / book carrying,No,No,Medium,Yes,None,Littered,4,Awareness poster displayed nearby; student opted out of plastic.
REC-VSIT-0794,2025-09-15,2025-09,Students,BSc IT,Administrative Area,Food Packaging Bag,1,5.2,Snack packaging,Yes,No,High,Yes,Reused old plastic bag,Reused,5,Student refused extra plastic bag and used backpack.
REC-VSIT-0927,2025-09-15,2025-09,Students,BSc IT,Administrative Area,Food Packaging Bag,0,0,Food takeaway,Yes,No,High,Yes,Reused old plastic bag,Reused,5,Stationery purchase wrapped in plastic carry bag.
REC-VSIT-0948,2025-09-15,2025-09,Non-Teaching Staff,Administrative Staff,Student Activity Area,Thin Carry Bag,1,4.4,Beverage container,No,Yes,Medium,No,None,Recycling Bin,3,Event setup generated bulk plastic packaging waste.
REC-VSIT-0528,2025-09-16,2025-09,Vendors,Other,Student Activity Area,Thin Carry Bag,0,0,Document / book carrying,Yes,No,High,Yes,Carried cloth bag,Reused,4,Event setup generated bulk plastic packaging waste.
REC-VSIT-0185,2025-09-17,2025-09,Non-Teaching Staff,Administrative Staff,Other,Medium Carry Bag,0,0,Document / book carrying,Yes,No,Medium,Yes,Reused old plastic bag,Reused,4,Awareness poster displayed nearby; student opted out of plastic.
REC-VSIT-0321,2025-09-17,2025-09,Visitors,Other,Library Area,Shopping Bag,2,24.3,Snack packaging,No,Yes,Medium,Yes,Used paper container,Reused,3,Vendor supplied food in double plastic bag.
REC-VSIT-0332,2025-09-17,2025-09,Students,BSc IT,Other,Medium Carry Bag,0,0,Beverage container,Yes,No,Medium,Yes,Reused old plastic bag,Reused,3,Reused plastic bag brought from home.
REC-VSIT-0557,2025-09-17,2025-09,Teaching Staff,Teaching Staff,Cafeteria,Thin Carry Bag,3,13.6,Document / book carrying,No,No,Medium,Yes,None,Recycling Bin,3,Awareness poster displayed nearby; student opted out of plastic.
REC-VSIT-0918,2025-09-17,2025-09,Non-Teaching Staff,Administrative Staff,Other,Other,0,0,Beverage container,Yes,No,High,Yes,Reused old plastic bag,Reused,5,Vendor supplied food in double plastic bag.
REC-VSIT-0509,2025-09-18,2025-09,Visitors,Other,Entrance / Exit,Food Packaging Bag,0,0,Vendor supply delivery,Yes,No,Medium,No,Carried cloth bag,Reused,3,Observed during peak lunch rush hour.
REC-VSIT-0596,2025-09-18,2025-09,Students,BCA,Other,Other,2,14.9,Personal item storage,No,Yes,Low,No,None,Littered,1,Student refused extra plastic bag and used backpack.
REC-VSIT-0686,2025-09-18,2025-09,Vendors,Other,Campus Events,Large Carry Bag,4,58.5,Beverage container,No,No,Low,No,None,Reused,2,Single snack item packed in thin polythene.
REC-VSIT-0078,2025-09-19,2025-09,Vendors,Other,Student Activity Area,Large Carry Bag,3,47.1,Document / book carrying,No,No,Low,No,None,Dustbin,1,Vendor supplied food in double plastic bag.
REC-VSIT-0787,2025-09-19,2025-09,Visitors,Other,Entrance / Exit,Food Packaging Bag,1,5.9,Event material transport,No,Yes,Medium,No,None,Dustbin,3,Student refused extra plastic bag and used backpack.
REC-VSIT-0050,2025-09-20,2025-09,Vendors,Other,Stationery Area,Shopping Bag,0,0,Vendor supply delivery,Yes,No,Medium,No,Reused old plastic bag,Reused,4,Event setup generated bulk plastic packaging waste.
REC-VSIT-0326,2025-09-20,2025-09,Visitors,Other,Nearby Vendor Interaction,Other,4,25.6,Stationery purchase,No,Yes,Low,No,None,Recycling Bin,2,Awareness poster displayed nearby; student opted out of plastic.
REC-VSIT-0563,2025-09-20,2025-09,Visitors,Other,Campus Events,Medium Carry Bag,5,39.2,Vendor supply delivery,No,Yes,Medium,Yes,Refused plastic bag,Dustbin,3,Event setup generated bulk plastic packaging waste.
REC-VSIT-0709,2025-09-20,2025-09,Students,MSc IT,Campus Events,Large Carry Bag,3,44.4,Food takeaway,Yes,No,Medium,Yes,Carried cloth bag,Reused,3,Staff member carried reusable canvas tote bag.
REC-VSIT-0924,2025-09-20,2025-09,Non-Teaching Staff,Administrative Staff,Student Activity Area,Other,2,15.1,Stationery purchase,Yes,No,Medium,No,Carried cloth bag,Reused,3,Awareness poster displayed nearby; student opted out of plastic.
REC-VSIT-0277,2025-09-21,2025-09,Teaching Staff,Teaching Staff,Canteen,Medium Carry Bag,3,21.7,Food takeaway,No,No,Medium,Yes,None,Recycling Bin,4,Event setup generated bulk plastic packaging waste.
REC-VSIT-0718,2025-09-21,2025-09,Vendors,Other,Administrative Area,Large Carry Bag,2,27.8,Personal item storage,No,Yes,Medium,No,None,Recycling Bin,3,Student refused extra plastic bag and used backpack.
REC-VSIT-0737,2025-09-21,2025-09,Vendors,Other,Other,Shopping Bag,0,0,Food takeaway,Yes,No,High,Yes,Carried cloth bag,Reused,4,Student refused extra plastic bag and used backpack.
REC-VSIT-0013,2025-09-22,2025-09,Teaching Staff,Teaching Staff,Administrative Area,Food Packaging Bag,2,12,Beverage container,No,Yes,Medium,Yes,Used paper container,Recycling Bin,3,Staff member carried reusable canvas tote bag.
REC-VSIT-0720,2025-09-22,2025-09,Students,BSc CS,Student Activity Area,Food Packaging Bag,3,17.4,Food takeaway,No,Yes,High,Yes,Used paper container,Littered,5,Single snack item packed in thin polythene.
REC-VSIT-0248,2025-09-23,2025-09,Non-Teaching Staff,Administrative Staff,Cafeteria,Thin Carry Bag,1,4.5,Vendor supply delivery,Yes,No,Medium,Yes,Carried cloth bag,Reused,3,Event setup generated bulk plastic packaging waste.
REC-VSIT-0657,2025-09-23,2025-09,Non-Teaching Staff,Administrative Staff,Nearby Vendor Interaction,Food Packaging Bag,0,0,Vendor supply delivery,Yes,No,High,Yes,Reused old plastic bag,Reused,5,Staff member carried reusable canvas tote bag.
REC-VSIT-0131,2025-09-25,2025-09,Teaching Staff,Teaching Staff,Entrance / Exit,Medium Carry Bag,2,15.5,Vendor supply delivery,No,Yes,Low,No,None,Littered,3,Awareness poster displayed nearby; student opted out of plastic.
REC-VSIT-0678,2025-09-25,2025-09,Visitors,Other,Stationery Area,Thin Carry Bag,1,4.3,Document / book carrying,Yes,No,High,Yes,Carried cloth bag,Reused,4,Plastic bag discarded in general waste bin.
REC-VSIT-0779,2025-09-25,2025-09,Students,BSc IT,Library Area,Thin Carry Bag,2,9.3,Vendor supply delivery,No,Yes,Low,No,None,Reused,2,Awareness poster displayed nearby; student opted out of plastic.
REC-VSIT-0885,2025-09-25,2025-09,Vendors,Other,Administrative Area,Medium Carry Bag,1,8,Stationery purchase,No,Yes,High,Yes,Refused plastic bag,Recycling Bin,4,Staff member carried reusable canvas tote bag.
REC-VSIT-0950,2025-09-25,2025-09,Students,BSc CS,Stationery Area,Shopping Bag,1,12.4,Personal item storage,No,Yes,High,Yes,Used paper container,Littered,4,Stationery purchase wrapped in plastic carry bag.
REC-VSIT-1033,2025-09-25,2025-09,Students,BSc CS,Library Area,Food Packaging Bag,0,0,Event material transport,Yes,No,High,Yes,Reused old plastic bag,Reused,5,Plastic bag discarded in general waste bin.
REC-VSIT-0066,2025-09-27,2025-09,Visitors,Other,Student Activity Area,Thin Carry Bag,3,14.7,Vendor supply delivery,No,Yes,Low,No,None,Littered,1,Awareness poster displayed nearby; student opted out of plastic.
REC-VSIT-0677,2025-09-28,2025-09,Teaching Staff,Teaching Staff,Stationery Area,Medium Carry Bag,3,25.3,Event material transport,No,Yes,Medium,No,None,Littered,3,Single snack item packed in thin polythene.
REC-VSIT-0888,2025-09-28,2025-09,Visitors,Other,Cafeteria,Medium Carry Bag,0,0,Beverage container,Yes,No,Medium,No,Reused old plastic bag,Reused,3,Observed during peak lunch rush hour.
REC-VSIT-0424,2025-09-29,2025-09,Visitors,Other,Stationery Area,Medium Carry Bag,2,16.2,Document / book carrying,No,Yes,Medium,Yes,Used paper container,Dustbin,3,Vendor supplied food in double plastic bag.
REC-VSIT-0473,2025-09-29,2025-09,Non-Teaching Staff,Administrative Staff,Student Activity Area,Shopping Bag,3,33.1,Vendor supply delivery,No,Yes,Medium,No,None,Littered,3,Staff member carried reusable canvas tote bag.
REC-VSIT-0554,2025-09-29,2025-09,Students,MSc IT,Cafeteria,Medium Carry Bag,3,23,Document / book carrying,No,Yes,High,Yes,Used paper container,Recycling Bin,5,Single snack item packed in thin polythene.
REC-VSIT-0735,2025-09-29,2025-09,Vendors,Other,Canteen,Medium Carry Bag,1,7.9,Food takeaway,No,Yes,High,Yes,Refused plastic bag,Dustbin,4,Vendor supplied food in double plastic bag.
